"_id","_labels","age","av_career","av_team","college","first_tap","games","int","label","pass_att","pass_cmp","pass_int","pass_td","pass_yd","pick","player","pos","pro_bowl","rec","rec_td","rec_yd","round","rush_att","rush_td","rush_yd","sack","solo","starter","tag","team","url_college","url_college_stats","url_player","year","year_max","_start","_end","_type"
"65",":picks","21","7","7","Clemson","0","27","","2021_1","950","586","23","25","5975","1","Trevor Lawrence","QB","0","0","0","0","1","110","5","512","","3","1","jax","Jacksonville Jaguars","https://www.pro-football-reference.com/schools/clemson/","http://www.sports-reference.com/cfb/players/trevor-lawrence-1.html","/players/L/LawrTr00.htm","2021","2022",,,
"66",":picks","22","5","5","BYU","0","19","","2021_2","550","309","16","13","3536","2","Zach Wilson","QB","0","1","1","2","1","50","5","253","","1","1","nyj","New York Jets","https://www.pro-football-reference.com/schools/byu/","http://www.sports-reference.com/cfb/players/zach-wilson-3.html","/players/W/WilsZa00.htm","2021","2022",,,
"67",":picks","21","3","3","North Dakota St.","0","8","","2021_3","102","56","3","5","797","3","Trey Lance","QB","0","0","0","0","1","54","1","235","","1","0","sfo","San Francisco 49ers","https://www.pro-football-reference.com/schools/nodakotast/","http://www.sports-reference.com/cfb/players/trey-lance-1.html","/players/L/LancTr00.htm","2021","2022",,,
"68",":picks","20","8","8","Florida","0","26","","2021_4","0","0","0","0","0","4","Kyle Pitts","TE","1","93","3","1339","1","0","0","0","","3","1","atl","Atlanta Falcons","https://www.pro-football-reference.com/schools/florida/","http://www.sports-reference.com/cfb/players/kyle-pitts-1.html","/players/P/PittKy00.htm","2021","2022",,,
"69",":picks","21","13","13","LSU","0","24","","2021_5","0","0","0","0","0","5","Ja'Marr Chase","WR","1","128","19","2060","1","11","0","23","","4","1","cin","Cincinnati Bengals","https://www.pro-football-reference.com/schools/lsu/","http://www.sports-reference.com/cfb/players/jamarr-chase-1.html","/players/C/ChasJa00.htm","2021","2022",,,
"70",":picks","22","7","7","Alabama","0","26","","2021_6","0","0","0","0","0","6","Jaylen Waddle","WR","0","155","12","1893","1","4","1","20","","4","1","mia","Miami Dolphins","https://www.pro-football-reference.com/schools/alabama/","http://www.sports-reference.com/cfb/players/jaylen-waddle-1.html","/players/W/WaddJa00.htm","2021","2022",,,
"71",":picks","20","7","7","Oregon","0","25","","2021_7","0","0","0","0","0","7","Penei Sewell","OL","0","0","0","0","1","0","0","0","","","1","det","Detroit Lions","https://www.pro-football-reference.com/schools/oregon/","http://www.sports-reference.com/cfb/players/penei-sewell-1.html","/players/S/SewePe00.htm","2021","2022",,,
"72",":picks","21","1","1","South Carolina","0","11","3","2021_8","0","0","0","0","0","8","Jaycee Horn","DB","0","0","0","0","1","0","0","0","","20","0","car","Carolina Panthers","https://www.pro-football-reference.com/schools/socarolina/","http://www.sports-reference.com/cfb/players/jaycee-horn-1.html","/players/H/HornJa00.htm","2021","2022",,,
"73",":picks","21","7","7","Alabama","0","25","4","2021_9","0","0","0","0","0","9","Patrick Surtain II","DB","0","0","0","0","1","0","0","0","","69","1","den","Denver Broncos","https://www.pro-football-reference.com/schools/alabama/","http://www.sports-reference.com/cfb/players/patrick-surtain-ii-1.html","/players/S/SurtPa01.htm","2021","2022",,,
"74",":picks","22","10","10","Alabama","0","26","","2021_10","0","0","0","0","0","10","DeVonta Smith","WR","0","110","8","1397","1","0","0","0","","1","1","phi","Philadelphia Eagles","https://www.pro-football-reference.com/schools/alabama/","http://www.sports-reference.com/cfb/players/devonta-smith-1.html","/players/S/SmitDe07.htm","2021","2022",,,
"75",":picks","22","6","6","Ohio St.","0","22","","2021_11","477","281","17","19","3359","11","Justin Fields","QB","0","0","0","0","1","176","8","1169","","","0","chi","Chicago Bears","https://www.pro-football-reference.com/schools/ohiost/","http://www.sports-reference.com/cfb/players/justin-fields-2.html","/players/F/FielJu00.htm","2021","2022",,,
"76",":picks","22","18","18","Penn St.","1","25","","2021_12","0","0","0","0","0","12","Micah Parsons","LB","1","0","0","0","1","0","0","0","21.0","95","1","dal","Dallas Cowboys","https://www.pro-football-reference.com/schools/pennst/","http://www.sports-reference.com/cfb/players/micah-parsons-1.html","/players/P/ParsMi00.htm","2021","2022",,,
"77",":picks","22","14","14","Northwestern","0","19","","2021_13","0","0","0","0","0","13","Rashawn Slater","OL","1","0","0","0","1","0","0","0","","","1","sdg","Los Angeles Chargers","https://www.pro-football-reference.com/schools/northwestern/","http://www.sports-reference.com/cfb/players/rashawn-slater-1.html","/players/S/SlatRa00.htm","2021","2022",,,
"78",":picks","22","5","5","USC","0","23","","2021_14","0","0","0","0","0","14","Alijah Vera-Tucker","OL","0","0","0","0","1","0","0","0","","","1","nyj","New York Jets","https://www.pro-football-reference.com/schools/usc/","http://www.sports-reference.com/cfb/players/alijah-vera-tucker-1.html","/players/V/VeraAl00.htm","2021","2022",,,
"79",":picks","23","14","14","Alabama","0","23","","2021_15","689","463","20","26","4941","15","Mac Jones","QB","1","0","0","0","1","69","1","207","","1","1","nwe","New England Patriots","https://www.pro-football-reference.com/schools/alabama/","http://www.sports-reference.com/cfb/players/mac-jones-1.html","/players/J/JoneMa05.htm","2021","2022",,,
"80",":picks","22","3","3","Tulsa","0","27","1","2021_16","0","0","0","0","0","16","Zaven Collins","LB","0","0","0","0","1","0","0","0","2.0","55","0","crd","Arizona Cardinals","https://www.pro-football-reference.com/schools/tulsa/","http://www.sports-reference.com/cfb/players/zaven-collins-1.html","/players/C/CollZa00.htm","2021","2022",,,
"81",":picks","22","8","8","Alabama","0","17","","2021_17","0","0","0","0","0","17","Alex Leatherwood","OL","0","0","0","0","1","0","0","0","","","1","rai","Las Vegas Raiders","https://www.pro-football-reference.com/schools/alabama/","http://www.sports-reference.com/cfb/players/alex-leatherwood-1.html","/players/L/LeatAl00.htm","2021","2021",,,
"82",":picks","22","5","5","Miami (FL)","0","27","","2021_18","0","0","0","0","0","18","Jaelan Phillips","DL","0","0","0","0","1","0","0","0","12.0","37","0","mia","Miami Dolphins","https://www.pro-football-reference.com/schools/miami(fl)/","http://www.sports-reference.com/cfb/players/jaelan-phillips-1.html","/players/P/PhilJa02.htm","2021","2022",,,
"83",":picks","22","4","4","Kentucky","0","26","","2021_19","0","0","0","0","0","19","Jamin Davis","LB","0","0","0","0","1","0","0","0","4.0","84","0","was","Washington Football Team","https://www.pro-football-reference.com/schools/kentucky/","http://www.sports-reference.com/cfb/players/jamin-davis-1.html","/players/D/DaviJa11.htm","2021","2022",,,
"84",":picks","22","3","3","Florida","0","14","","2021_20","3","1","0","0","19","20","Kadarius Toney","WR","0","47","1","489","1","7","0","62","","","0","nyg","New York Giants","https://www.pro-football-reference.com/schools/florida/","http://www.sports-reference.com/cfb/players/kadarius-toney-1.html","/players/T/ToneKa00.htm","2021","2022",,,
"85",":picks","22","7","7","Michigan","0","22","","2021_21","0","0","0","0","0","21","Kwity Paye","DL","0","0","0","0","1","0","0","0","8.0","35","1","clt","Indianapolis Colts","https://www.pro-football-reference.com/schools/michigan/","http://www.sports-reference.com/cfb/players/kwity-paye-1.html","/players/P/PayeKw00.htm","2021","2022",,,
"86",":picks","22","0","0","Virginia Tech","0","12","","2021_22","0","0","0","0","0","22","Caleb Farley","DB","0","0","0","0","1","0","0","0","","13","0","oti","Tennessee Titans","https://www.pro-football-reference.com/schools/virginiatech/","http://www.sports-reference.com/cfb/players/caleb-farley-1.html","/players/F/FarlCa00.htm","2021","2022",,,
"87",":picks","22","5","5","Virginia Tech","0","21","","2021_23","0","0","0","0","0","23","Christian Darrisaw","OL","0","0","0","0","1","0","0","0","","","0","min","Minnesota Vikings","https://www.pro-football-reference.com/schools/virginiatech/","http://www.sports-reference.com/cfb/players/christian-darrisaw-1.html","/players/D/DarrCh00.htm","2021","2022",,,
"88",":picks","23","10","10","Alabama","0","26","","2021_24","1","1","0","0","4","24","Najee Harris","RB","1","98","5","579","1","435","8","1660","","3","1","pit","Pittsburgh Steelers","https://www.pro-football-reference.com/schools/alabama/","http://www.sports-reference.com/cfb/players/najee-harris-1.html","/players/H/HarrNa00.htm","2021","2022",,,
"89",":picks","22","0","0","Clemson","0","10","","2021_25","0","0","0","0","0","25","Travis Etienne","RB","0","22","0","202","1","131","4","725","","","0","jax","Jacksonville Jaguars","https://www.pro-football-reference.com/schools/clemson/","http://www.sports-reference.com/cfb/players/travis-etienne-1.html","/players/E/EtieTr00.htm","2021","2022",,,
"90",":picks","21","3","3","Northwestern","0","21","","2021_26","0","0","0","0","0","26","Greg Newsome II","DB","0","0","0","0","1","0","0","0","0.5","52","1","cle","Cleveland Browns","https://www.pro-football-reference.com/schools/northwestern/","http://www.sports-reference.com/cfb/players/greg-newsome-ii-1.html","/players/N/NewsGr00.htm","2021","2022",,,
"91",":picks","21","4","4","Minnesota","0","18","","2021_27","0","0","0","0","0","27","Rashod Bateman","WR","0","61","3","800","1","0","0","0","","","0","rav","Baltimore Ravens","https://www.pro-football-reference.com/schools/minnesota/","http://www.sports-reference.com/cfb/players/rashod-bateman-1.html","/players/B/BateRa00.htm","2021","2022",,,
"92",":picks","23","1","1","Houston","0","11","","2021_28","0","0","0","0","0","28","Payton Turner","DE","0","0","0","0","1","0","0","0","3.0","19","0","nor","New Orleans Saints","https://www.pro-football-reference.com/schools/houston/","http://www.sports-reference.com/cfb/players/payton-turner-1.html","/players/T/TurnPa02.htm","2021","2022",,,
"93",":picks","22","4","4","Georgia","0","25","1","2021_29","0","0","0","0","0","29","Eric Stokes","DB","0","0","0","0","1","0","0","0","","64","1","gnb","Green Bay Packers","https://www.pro-football-reference.com/schools/georgia/","http://www.sports-reference.com/cfb/players/eric-stokes-2.html","/players/S/StokEr00.htm","2021","2022",,,
"94",":picks","21","10","10","Miami (FL)","0","25","1","2021_30","0","0","0","0","0","30","Gregory Rousseau","DL","0","0","0","0","1","0","0","0","9.0","58","1","buf","Buffalo Bills","https://www.pro-football-reference.com/schools/miami(fl)/","http://www.sports-reference.com/cfb/players/gregory-rousseau-1.html","/players/R/RousGr00.htm","2021","2022",,,
"95",":picks","22","3","3","Penn St.","0","24","","2021_31","0","0","0","0","0","31","Odafe Oweh ","DE","0","0","0","0","1","0","0","0","6.0","44","0","rav","Baltimore Ravens","https://www.pro-football-reference.com/schools/pennst/","http://www.sports-reference.com/cfb/players/jayson-oweh-1.html","/players/O/OwehJa00.htm","2021","2022",,,
"96",":picks","22","4","4","Washington","0","27","","2021_32","0","0","0","0","0","32","Joe Tryon-Shoyinka","OLB","0","0","0","0","1","0","0","0","7.5","32","0","tam","Tampa Bay Buccaneers","https://www.pro-football-reference.com/schools/washington/","http://www.sports-reference.com/cfb/players/joe-tryon-1.html","/players/T/TryoJo00.htm","2021","2022",,,
"97",":picks","21","5","5","Georgia","0","25","4","2021_33","0","0","0","0","0","33","Tyson Campbell","DB","0","0","0","0","2","0","0","0","","83","1","jax","Jacksonville Jaguars","https://www.pro-football-reference.com/schools/georgia/","http://www.sports-reference.com/cfb/players/tyson-campbell-1.html","/players/C/CampTy01.htm","2021","2022",,,
"98",":picks","21","4","4","Mississippi","0","19","","2021_34","0","0","0","0","0","34","Elijah Moore","WR","0","59","5","741","2","7","1","50","","3","0","nyj","New York Jets","https://www.pro-football-reference.com/schools/mississippi/","http://www.sports-reference.com/cfb/players/elijah-moore-1.html","/players/M/MoorEl00.htm","2021","2022",,,
"99",":picks","21","8","8","North Carolina","0","21","","2021_35","0","0","0","0","0","35","Javonte Williams","RB","0","59","3","392","2","250","4","1107","","1","0","den","Denver Broncos","https://www.pro-football-reference.com/schools/nocarolina/","http://www.sports-reference.com/cfb/players/javonte-williams-1.html","/players/W/WillJa10.htm","2021","2022",,,
"100",":picks","21","6","6","Oregon","0","26","4","2021_36","0","0","0","0","0","36","Jevon Holland","S","0","0","0","0","2","0","0","0","4.0","90","1","mia","Miami Dolphins","https://www.pro-football-reference.com/schools/oregon/","http://www.sports-reference.com/cfb/players/jevon-holland-1.html","/players/H/HollJe02.htm","2021","2022",,,
"101",":picks","22","6","6","Alabama","0","23","","2021_37","0","0","0","0","0","37","Landon Dickerson","OL","0","0","0","0","2","0","0","0","","","1","phi","Philadelphia Eagles","https://www.pro-football-reference.com/schools/alabama/","http://www.sports-reference.com/cfb/players/landon-dickerson-1.html","/players/D/DickLa00.htm","2021","2022",,,
"102",":picks","22","3","3","Alabama","0","23","","2021_38","0","0","0","0","0","38","Christian Barmore","DL","0","0","0","0","2","0","0","0","2.5","32","0","nwe","New England Patriots","https://www.pro-football-reference.com/schools/alabama/","http://www.sports-reference.com/cfb/players/christian-barmore-1.html","/players/B/BarmCh00.htm","2021","2022",,,
"103",":picks","23","1","1","Oklahoma St.","0","15","","2021_39","0","0","0","0","0","39","Teven Jenkins","OL","0","0","0","0","2","0","0","0","","1","0","chi","Chicago Bears","https://www.pro-football-reference.com/schools/oklahomast/","http://www.sports-reference.com/cfb/players/teven-jenkins-1.html","/players/J/JenkTe00.htm","2021","2022",,,
"104",":picks","23","1","1","Central Florida","0","26","2","2021_40","0","0","0","0","0","40","Richie Grant","DB","0","0","0","0","2","0","0","0","","71","0","atl","Atlanta Falcons","https://www.pro-football-reference.com/schools/centralflorida/","http://www.sports-reference.com/cfb/players/richie-grant-1.html","/players/G/GranRi00.htm","2021","2022",,,
"105",":picks","23","1","1","Washington","0","16","","2021_41","0","0","0","0","0","41","Levi Onwuzurike","DL","0","0","0","0","2","0","0","0","1.0","15","0","det","Detroit Lions","https://www.pro-football-reference.com/schools/washington/","http://www.sports-reference.com/cfb/players/levi-onwuzurike-1.html","/players/O/OnwuLe00.htm","2021","2021",,,
"106",":picks","23","7","7","Notre Dame","0","25","","2021_42","0","0","0","0","0","42","Liam Eichenberg","OL","0","0","0","0","2","0","0","0","","","1","mia","Miami Dolphins","https://www.pro-football-reference.com/schools/notredame/","http://www.sports-reference.com/cfb/players/liam-eichenberg-1.html","/players/E/EichLi00.htm","2021","2022",,,
"107",":picks","22","5","5","TCU","0","24","1","2021_43","0","0","0","0","0","43","Trevon Moehrig","S","0","0","0","0","2","0","0","0","","53","1","rai","Las Vegas Raiders","https://www.pro-football-reference.com/schools/tcu/","http://www.sports-reference.com/cfb/players/trevon-moehrig-woodard-1.html","/players/M/MoehTr00.htm","2021","2022",,,
"108",":picks","20","1","1","Kentucky","0","19","","2021_44","0","0","0","0","0","44","Kelvin Joseph","DB","0","0","0","0","2","0","0","0","","21","0","dal","Dallas Cowboys","https://www.pro-football-reference.com/schools/kentucky/","http://www.sports-reference.com/cfb/players/kelvin-joseph-1.html","/players/J/JoseKe02.htm","2021","2022",,,
"109",":picks","22","1","1","Stanford","0","19","","2021_45","0","0","0","0","0","45","Walker Little","T","0","0","0","0","2","0","0","0","","","0","jax","Jacksonville Jaguars","https://www.pro-football-reference.com/schools/stanford/","http://www.sports-reference.com/cfb/players/walker-little-1.html","/players/L/LittWa00.htm","2021","2022",,,
"110",":picks","21","4","4","Clemson","0","19","","2021_46","0","0","0","0","0","46","Jackson Carman","T","0","0","0","0","2","0","0","0","","","0","cin","Cincinnati Bengals","https://www.pro-football-reference.com/schools/clemson/","http://www.sports-reference.com/cfb/players/jackson-carman-1.html","/players/C/CarmJa00.htm","2021","2022",,,
"111",":picks","21","3","3","Florida St.","0","21","3","2021_47","0","0","0","0","0","47","Asante Samuel Jr.","DB","0","0","0","0","2","0","0","0","","60","1","sdg","Los Angeles Chargers","https://www.pro-football-reference.com/schools/floridast/","http://www.sports-reference.com/cfb/players/asante-samuel-jr-1.html","/players/S/SamuAs00.htm","2021","2022",,,
"112",":picks","24","1","1","Notre Dame","0","18","","2021_48","0","0","0","0","0","48","Aaron Banks","OL","0","0","0","0","2","0","0","0","","","0","sfo","San Francisco 49ers","https://www.pro-football-reference.com/schools/notredame/","http://www.sports-reference.com/cfb/players/aaron-banks-4.html","/players/B/BankAa00.htm","2021","2022",,,
"113",":picks","21","5","5","Purdue","0","21","","2021_49","0","0","0","0","0","49","Rondale Moore","WR","0","95","2","849","2","23","0","77","","1","0","crd","Arizona Cardinals","https://www.pro-football-reference.com/schools/purdue/","http://www.sports-reference.com/cfb/players/rondale-moore-1.html","/players/M/MoorRo02.htm","2021","2022",,,
"114",":picks","21","7","7","Georgia","0","19","","2021_50","0","0","0","0","0","50","Azeez Ojulari","OLB","0","0","0","0","2","0","0","0","9.0","31","1","nyg","New York Giants","https://www.pro-football-reference.com/schools/georgia/","http://www.sports-reference.com/cfb/players/azeez-ojulari-1.html","/players/O/OjulAz00.htm","2021","2022",,,
"115",":picks","22","4","4","Texas","0","16","","2021_51","0","0","0","0","0","51","Samuel Cosmi","OL","0","0","0","0","2","0","0","0","","","0","was","Washington Football Team","https://www.pro-football-reference.com/schools/texas/","http://www.sports-reference.com/cfb/players/samuel-cosmi-1.html","/players/C/CosmSa00.htm","2021","2022",,,
"116",":picks","21","4","4","Notre Dame","0","21","","2021_52","0","0","0","0","0","52","Jeremiah Owusu-Koramoah","LB","0","0","0","0","2","0","0","0","1.5","75","0","cle","Cleveland Browns","https://www.pro-football-reference.com/schools/notredame/","http://www.sports-reference.com/cfb/players/jeremiah-owusu-koramoah-1.html","/players/O/OwusJe00.htm","2021","2022",,,
"117",":picks","23","1","1","North Dakota St.","0","20","","2021_53","0","0","0","0","0","53","Dillon Radunz","T","0","0","0","0","2","0","0","0","","1","0","oti","Tennessee Titans","https://www.pro-football-reference.com/schools/nodakotast/","","/players/R/RaduDi00.htm","2021","2022",,,
"118",":picks","21","1","1","Vanderbilt","0","20","","2021_54","0","0","0","0","0","54","Dayo Odeyingbo","DL","0","0","0","0","2","0","0","0","2.0","10","0","clt","Indianapolis Colts","https://www.pro-football-reference.com/schools/vanderbilt/","http://www.sports-reference.com/cfb/players/dayo-odeyingbo-1.html","/players/O/OdeyDa00.htm","2021","2022",,,
"119",":picks","22","4","4","Penn St.","0","24","","2021_55","0","0","0","0","0","55","Pat Freiermuth","TE","0","96","8","900","2","0","0","0","","2","0","pit","Pittsburgh Steelers","https://www.pro-football-reference.com/schools/pennst/","http://www.sports-reference.com/cfb/players/pat-freiermuth-1.html","/players/F/FreiPa00.htm","2021","2022",,,
"120",":picks","24","1","1","Western Michigan","0","20","","2021_56","0","0","0","0","0","56","D'Wayne Eskridge","WR","0","17","1","122","2","6","0","69","","1","0","sea","Seattle Seahawks","https://www.pro-football-reference.com/schools/westmichigan/","http://www.sports-reference.com/cfb/players/dwayne-eskridge-1.html","/players/E/EskrDW00.htm","2021","2022",,,
"121",":picks","21","0","0","Louisville","0","13","","2021_57","0","0","0","0","0","57","Tutu Atwell","WR","0","1","0","54","2","1","0","9","","","0","ram","Los Angeles Rams","https://www.pro-football-reference.com/schools/louisville/","http://www.sports-reference.com/cfb/players/chatarius-atwell-1.html","/players/A/AtweTu00.htm","2021","2022",,,
"122",":picks","21","6","6","Missouri","0","25","","2021_58","0","0","0","0","0","58","Nick Bolton","LB","0","0","0","0","2","0","0","0","2.0","124","1","kan","Kansas City Chiefs","https://www.pro-football-reference.com/schools/missouri/","http://www.sports-reference.com/cfb/players/nick-bolton-1.html","/players/B/BoltNi00.htm","2021","2022",,,
"123",":picks","21","1","1","LSU","0","20","","2021_59","0","0","0","0","0","59","Terrace Marshall Jr.","WR","0","31","1","382","2","0","0","0","","","0","car","Carolina Panthers","https://www.pro-football-reference.com/schools/lsu/","http://www.sports-reference.com/cfb/players/terrace-marshall-jr-1.html","/players/M/MarsTe00.htm","2021","2022",,,
"124",":picks","22","5","5","Ohio St.","0","24","","2021_60","0","0","0","0","0","60","Pete Werner","LB","0","0","0","0","2","0","0","0","","89","0","nor","New Orleans Saints","https://www.pro-football-reference.com/schools/ohiost/","http://www.sports-reference.com/cfb/players/pete-werner-1.html","/players/W/WernPe00.htm","2021","2022",,,
"125",":picks","23","1","1","Wake Forest","0","17","1","2021_61","0","0","0","0","0","61","Boogie Basham","DL","0","0","0","0","2","0","0","0","4.5","17","0","buf","Buffalo Bills","https://www.pro-football-reference.com/schools/wakeforest/","http://www.sports-reference.com/cfb/players/carlos-basham-jr-1.html","/players/B/BashCa00.htm","2021","2022",,,
"126",":picks","23","3","3","Ohio St.","0","17","","2021_62","0","0","0","0","0","62","Josh Myers","C","0","0","0","0","2","0","0","0","","","0","gnb","Green Bay Packers","https://www.pro-football-reference.com/schools/ohiost/","http://www.sports-reference.com/cfb/players/josh-myers-1.html","/players/M/MyerJo00.htm","2021","2022",,,
"127",":picks","22","9","9","Oklahoma","0","26","","2021_63","0","0","0","0","0","63","Creed Humphrey","OL","0","0","0","0","2","0","0","0","","1","1","kan","Kansas City Chiefs","https://www.pro-football-reference.com/schools/oklahoma/","http://www.sports-reference.com/cfb/players/creed-humphrey-1.html","/players/H/HumpCr00.htm","2021","2022",,,
"128",":picks","23","","","Florida","0","","","2021_64","","","","","","64","Kyle Trask","QB","0","","","","2","","","","","","0","tam","Tampa Bay Buccaneers","https://www.pro-football-reference.com/schools/florida/","http://www.sports-reference.com/cfb/players/kyle-trask-1.html","/players/T/TrasKy00.htm","2021","",,,
"129",":picks","21","2","2","Syracuse","0","27","3","2021_65","0","0","0","0","0","65","Andre Cisco","DB","0","0","0","0","3","0","0","0","","56","0","jax","Jacksonville Jaguars","https://www.pro-football-reference.com/schools/syracuse/","http://www.sports-reference.com/cfb/players/andre-cisco-1.html","/players/C/CiscAn00.htm","2021","2022",,,
"130",":picks","22","0","0","Texas A&M","0","1","","2021_66","3","2","0","0","5","66","Kellen Mond","QB","0","0","0","0","3","0","0","0","","","0","min","Minnesota Vikings","https://www.pro-football-reference.com/schools/texasam/","http://www.sports-reference.com/cfb/players/kellen-mond-1.html","/players/M/MondKe00.htm","2021","2021",,,
"131",":picks","22","7","7","Stanford","0","22","","2021_67","689","447","19","27","4639","67","Davis Mills","QB","0","0","0","0","3","30","0","72","","2","1","htx","Houston Texans","https://www.pro-football-reference.com/schools/stanford/","http://www.sports-reference.com/cfb/players/davis-mills-1.html","/players/M/MillDa02.htm","2021","2022",,,
"132",":picks","21","7","7","Michigan","0","16","","2021_68","0","0","0","0","0","68","Jalen Mayfield","OL","0","0","0","0","3","0","0","0","","","1","atl","Atlanta Falcons","https://www.pro-football-reference.com/schools/michigan/","http://www.sports-reference.com/cfb/players/jalen-mayfield-1.html","/players/M/MayfJa00.htm","2021","2021",,,
"133",":picks","21","0","0","Texas","0","9","","2021_69","0","0","0","0","0","69","Joseph Ossai","LB","0","0","0","0","3","0","0","0","1.0","2","0","cin","Cincinnati Bengals","https://www.pro-football-reference.com/schools/texas/","http://www.sports-reference.com/cfb/players/joseph-ossai-1.html","/players/O/OssaJo00.htm","2021","2022",,,
"134",":picks","24","3","3","BYU","0","26","","2021_70","0","0","0","0","0","70","Brady Christensen","OL","0","0","0","0","3","0","0","0","","1","0","car","Carolina Panthers","https://www.pro-football-reference.com/schools/byu/","http://www.sports-reference.com/cfb/players/brady-christensen-1.html","/players/C/ChriBr00.htm","2021","2022",,,
"135",":picks","23","1","1","Central Florida","0","11","","2021_71","0","0","0","0","0","71","Aaron Robinson","DB","0","0","0","0","3","0","0","0","","21","0","nyg","New York Giants","https://www.pro-football-reference.com/schools/centralflorida/","http://www.sports-reference.com/cfb/players/aaron-robinson-2.html","/players/R/RobiAa00.htm","2021","2022",,,
"136",":picks","21","3","3","North Carolina St.","0","26","","2021_72","0","0","0","0","0","72","Alim McNeill","DT","0","0","0","0","3","0","0","0","2.0","21","0","det","Detroit Lions","https://www.pro-football-reference.com/schools/nocarolinast/","http://www.sports-reference.com/cfb/players/alim-mcneill-1.html","/players/M/McNeAl00.htm","2021","2022",,,
"137",":picks","22","2","2","Louisiana Tech","0","26","","2021_73","0","0","0","0","0","73","Milton Williams","DL","0","0","0","0","3","0","0","0","3.0","24","0","phi","Philadelphia Eagles","https://www.pro-football-reference.com/schools/louisianatech/","http://www.sports-reference.com/cfb/players/milton-williams-1.html","/players/W/WillMi08.htm","2021","2022",,,
"138",":picks","23","1","1","Minnesota","0","19","","2021_74","0","0","0","0","0","74","Benjamin St-Juste","DB","0","0","0","0","3","0","0","0","1.0","51","0","was","Washington Football Team","https://www.pro-football-reference.com/schools/minnesota/","http://www.sports-reference.com/cfb/players/benjamin-st-juste-1.html","/players/S/StJuBe00.htm","2021","2022",,,
"139",":picks","23","6","6","UCLA","0","25","","2021_75","0","0","0","0","0","75","Osa Odighizuwa","DL","0","0","0","0","3","0","0","0","4.0","34","1","dal","Dallas Cowboys","https://www.pro-football-reference.com/schools/ucla/","http://www.sports-reference.com/cfb/players/osa-odighizuwa-1.html","/players/O/OdigOs00.htm","2021","2022",,,
"140",":picks","22","6","6","Stanford","0","24","3","2021_76","0","0","0","0","0","76","Paulson Adebo","CB","0","0","0","0","3","0","0","0","","88","1","nor","New Orleans Saints","https://www.pro-football-reference.com/schools/stanford/","http://www.sports-reference.com/cfb/players/paulson-adebo-1.html","/players/A/AdebPa00.htm","2021","2022",,,
"141",":picks","22","3","3","Tennessee","0","25","","2021_77","0","0","0","0","0","77","Josh Palmer","WR","0","70","5","743","3","2","0","10","","2","0","sdg","Los Angeles Chargers","https://www.pro-football-reference.com/schools/tennessee/","http://www.sports-reference.com/cfb/players/josh-palmer-1.html","/players/P/PalmJo00.htm","2021","2022",,,
"142",":picks","24","1","1","North Carolina","0","9","","2021_78","0","0","0","0","0","78","Chazz Surratt","LB","0","0","0","0","3","0","0","0","","","0","min","Minnesota Vikings","https://www.pro-football-reference.com/schools/nocarolina/","http://www.sports-reference.com/cfb/players/chazz-surratt-1.html","/players/S/SurrCh00.htm","2021","2021",,,
"143",":picks","23","0","0","Buffalo","0","14","","2021_79","0","0","0","0","0","79","Malcolm Koonce","DE","0","0","0","0","3","0","0","0","2.0","5","0","rai","Las Vegas Raiders","https://www.pro-football-reference.com/schools/buffalo/","http://www.sports-reference.com/cfb/players/malcolm-koonce-1.html","/players/K/KoonMa00.htm","2021","2022",,,
"144",":picks","23","5","5","Virginia Tech","0","25","","2021_80","0","0","0","0","0","80","Divine Deablo","DB","0","0","0","0","3","0","0","0","","66","0","rai","Las Vegas Raiders","https://www.pro-football-reference.com/schools/virginiatech/","http://www.sports-reference.com/cfb/players/divine-deablo-1.html","/players/D/DeabDi00.htm","2021","2022",,,
"145",":picks","23","0","0","Boston Col.","0","12","","2021_81","0","0","0","0","0","81","Hunter Long","TE","0","1","0","8","3","0","0","0","","1","0","mia","Miami Dolphins","https://www.pro-football-reference.com/schools/bostoncol/","http://www.sports-reference.com/cfb/players/hunter-long-3.html","/players/L/LongHu00.htm","2021","2022",,,
"146",":picks","21","1","1","North Carolina","0","23","","2021_82","0","0","0","0","0","82","Dyami Brown","WR","0","16","2","291","3","1","0","-4","","1","0","was","Washington Football Team","https://www.pro-football-reference.com/schools/nocarolina/","http://www.sports-reference.com/cfb/players/dyami-brown-1.html","/players/B/BrowDy00.htm","2021","2022",,,
"147",":picks","21","1","1","Notre Dame","0","26","","2021_83","0","0","0","0","0","83","Tommy Tremble","TE","0","30","3","279","3","3","1","11","","5","1","car","Carolina Panthers","https://www.pro-football-reference.com/schools/notredame/","http://www.sports-reference.com/cfb/players/tommy-tremble-1.html","/players/T/TremTo00.htm","2021","2022",,,
"148",":picks","23","2","2","Iowa","0","23","","2021_84","0","0","0","0","0","84","Chauncey Golston","DL","0","0","0","0","3","0","0","0","2.0","18","0","dal","Dallas Cowboys","https://www.pro-football-reference.com/schools/iowa/","http://www.sports-reference.com/cfb/players/chauncey-golston-1.html","/players/G/GolsCh00.htm","2021","2022",,,
"149",":picks","21","1","1","Clemson","0","26","","2021_85","0","0","0","0","0","85","Amari Rodgers","WR","0","8","0","95","3","1","0","11","","3","0","gnb","Green Bay Packers","https://www.pro-football-reference.com/schools/clemson/","http://www.sports-reference.com/cfb/players/amari-rodgers-1.html","/players/R/RodgAm00.htm","2021","2022",,,
"150",":picks","22","0","0","Ohio St.","0","8","","2021_86","0","0","0","0","0","86","Wyatt Davis","OL","0","0","0","0","3","0","0","0","","","0","min","Minnesota Vikings","https://www.pro-football-reference.com/schools/ohiost/","http://www.sports-reference.com/cfb/players/wyatt-davis-1.html","/players/D/DaviWy00.htm","2021","2022",,,
"151",":picks","22","5","5","Illinois","0","15","","2021_87","0","0","0","0","0","87","Kendrick Green","OL","0","0","0","0","3","0","0","0","","1","1","pit","Pittsburgh Steelers","https://www.pro-football-reference.com/schools/illinois/","http://www.sports-reference.com/cfb/players/kendrick-green-1.html","/players/G/GreeKe02.htm","2021","2021",,,
"152",":picks","22","1","1","Ohio St.","0","11","","2021_88","0","0","0","0","0","88","Trey Sermon","RB","0","3","0","26","3","43","1","186","","1","0","sfo","San Francisco 49ers","https://www.pro-football-reference.com/schools/ohiost/","http://www.sports-reference.com/cfb/players/trey-sermon-1.html","/players/S/SermTr00.htm","2021","2022",,,
"153",":picks","22","3","3","Michigan","0","21","","2021_89","0","0","0","0","0","89","Nico Collins","WR","0","56","2","800","3","0","0","0","","2","0","htx","Houston Texans","https://www.pro-football-reference.com/schools/michigan/","http://www.sports-reference.com/cfb/players/nico-collins-1.html","/players/C/CollNi00.htm","2021","2022",,,
"154",":picks","22","1","1","Pittsburgh","0","18","","2021_90","0","0","0","0","0","90","Patrick Jones II","DL","0","0","0","0","3","0","0","0","2.0","9","0","min","Minnesota Vikings","https://www.pro-football-reference.com/schools/pittsburgh/","http://www.sports-reference.com/cfb/players/patrick-jones-ii-1.html","/players/J/JonePa00.htm","2021","2022",,,
"155",":picks","21","1","1","Auburn","0","22","","2021_91","0","0","0","0","0","91","Anthony Schwartz","WR","0","12","1","157","3","8","0","59","","2","0","cle","Cleveland Browns","https://www.pro-football-reference.com/schools/auburn/","http://www.sports-reference.com/cfb/players/anthony-schwartz-1.html","/players/S/SchwAn00.htm","2021","2022",,,
"156",":picks","22","2","2","Georgia","0","16","","2021_92","0","0","0","0","0","92","Monty Rice","LB","0","0","0","0","3","0","0","0","","24","0","oti","Tennessee Titans","https://www.pro-football-reference.com/schools/georgia/","http://www.sports-reference.com/cfb/players/monty-rice-2.html","/players/R/RiceMo00.htm","2021","2022",,,
"157",":picks","23","6","6","Northern Iowa","0","20","","2021_93","0","0","0","0","0","93","Spencer Brown","OL","0","0","0","0","3","0","0","0","","1","0","buf","Buffalo Bills","https://www.pro-football-reference.com/schools/noiowa/","","/players/B/BrowSp00.htm","2021","2022",,,
"158",":picks","23","2","2","Georgia","0","16","","2021_94","0","0","0","0","0","94","Ben Cleveland","OL","0","0","0","0","3","0","0","0","","","0","rav","Baltimore Ravens","https://www.pro-football-reference.com/schools/georgia/","http://www.sports-reference.com/cfb/players/ben-cleveland-2.html","/players/C/ClevBe00.htm","2021","2022",,,
"159",":picks","23","1","1","Notre Dame","0","19","","2021_95","0","0","0","0","0","95","Robert Hainsey","OL","0","0","0","0","3","0","0","0","","","0","tam","Tampa Bay Buccaneers","https://www.pro-football-reference.com/schools/notredame/","http://www.sports-reference.com/cfb/players/robert-hainsey-1.html","/players/H/HainRo00.htm","2021","2022",,,
"160",":picks","21","","","Oklahoma","0","","","2021_96","","","","","","96","Ronnie Perkins","DE","0","","","","3","","","","","","0","nwe","New England Patriots","https://www.pro-football-reference.com/schools/oklahoma/","http://www.sports-reference.com/cfb/players/ronnie-perkins-1.html","/players/P/PerkRo00.htm","2021","",,,
"161",":picks","22","0","0","Georgia","0","20","","2021_97","0","0","0","0","0","97","Tre' McKitty","TE","0","13","0","94","3","0","0","0","","2","0","sdg","Los Angeles Chargers","https://www.pro-football-reference.com/schools/georgia/","http://www.sports-reference.com/cfb/players/tre-mckitty-1.html","/players/M/McKiTr00.htm","2021","2022",,,
"162",":picks","22","4","4","Wisconsinâ€“Whitewater","0","20","","2021_98","0","0","0","0","0","98","Quinn Meinerz","C","0","0","0","0","3","0","0","0","","","0","den","Denver Broncos","https://www.pro-football-reference.com/schools/wiscwhitewater/","","/players/M/MeinQu02.htm","2021","2022",,,
"163",":picks","22","1","1","Oregon St.","0","14","","2021_99","0","0","0","0","0","99","Nahshon Wright","DB","0","0","0","0","3","0","0","0","","7","0","dal","Dallas Cowboys","https://www.pro-football-reference.com/schools/oregonst/","http://www.sports-reference.com/cfb/players/nahshon-wright-1.html","/players/W/WrigNa00.htm","2021","2022",,,
"164",":picks","22","3","3","Washington","0","17","1","2021_100","0","0","0","0","0","100","Elijah Molden","DB","0","0","0","0","3","0","0","0","","45","0","oti","Tennessee Titans","https://www.pro-football-reference.com/schools/washington/","http://www.sports-reference.com/cfb/players/elijah-molden-1.html","/players/M/MoldEl00.htm","2021","2022",,,
"165",":picks","22","1","1","Syracuse","0","9","","2021_101","0","0","0","0","0","101","Ifeatu Melifonwu","DB","0","0","0","0","3","0","0","0","","13","0","det","Detroit Lions","https://www.pro-football-reference.com/schools/syracuse/","http://www.sports-reference.com/cfb/players/ifeatu-melifonwu-1.html","/players/M/MeliIf00.htm","2021","2022",,,
"166",":picks","21","2","2","Michigan","0","20","1","2021_102","0","0","0","0","0","102","Ambry Thomas","DB","0","0","0","0","3","0","0","0","","22","0","sfo","San Francisco 49ers","https://www.pro-football-reference.com/schools/michigan/","http://www.sports-reference.com/cfb/players/ambry-thomas-1.html","/players/T/ThomAm00.htm","2021","2022",,,
"167",":picks","21","4","4","South Carolina","0","24","2","2021_103","0","0","0","0","0","103","Ernest Jones","LB","0","0","0","0","3","0","0","0","1.0","76","0","ram","Los Angeles Rams","https://www.pro-football-reference.com/schools/socarolina/","http://www.sports-reference.com/cfb/players/ernest-jones-3.html","/players/J/JoneEr01.htm","2021","2022",,,
"168",":picks","23","5","5","SMU","0","25","","2021_104","0","0","0","0","0","104","Brandon Stephens","CB","0","0","0","0","3","0","0","0","","62","1","rav","Baltimore Ravens","https://www.pro-football-reference.com/schools/smu/","http://www.sports-reference.com/cfb/players/brandon-stephens-2.html","/players/S/StepBr01.htm","2021","2022",,,
"169",":picks","22","5","5","Ohio St.","0","21","1","2021_105","0","0","0","0","0","105","Baron Browning","LB","0","0","0","0","3","0","0","0","2.5","39","0","den","Denver Broncos","https://www.pro-football-reference.com/schools/ohiost/","http://www.sports-reference.com/cfb/players/baron-browning-1.html","/players/B/BrowBa01.htm","2021","2022",,,
"170",":picks","22","0","0","USC","0","8","","2021_106","0","0","0","0","0","106","Jay Tufele","DL","0","0","0","0","4","0","0","0","","7","0","jax","Jacksonville Jaguars","https://www.pro-football-reference.com/schools/usc/","http://www.sports-reference.com/cfb/players/jay-tufele-1.html","/players/T/TufeJa00.htm","2021","2022",,,
"171",":picks","22","6","6","North Carolina","0","23","","2021_107","0","0","0","0","0","107","Michael Carter","RB","0","61","0","521","4","232","7","969","","","1","nyj","New York Jets","https://www.pro-football-reference.com/schools/nocarolina/","http://www.sports-reference.com/cfb/players/michael-carter-5.html","/players/C/CartMi03.htm","2021","2022",,,
"172",":picks","21","1","1","San Diego St.","0","24","","2021_108","0","0","0","0","0","108","Darren Hall","CB","0","0","0","0","4","0","0","0","1.0","34","0","atl","Atlanta Falcons","https://www.pro-football-reference.com/schools/sandiegost/","http://www.sports-reference.com/cfb/players/darren-hall-1.html","/players/H/HallDa03.htm","2021","2022",,,
"173",":picks","23","0","0","Louisville","0","5","","2021_109","0","0","0","0","0","109","Dez Fitzpatrick","WR","0","5","1","49","4","0","0","0","","1","0","oti","Tennessee Titans","https://www.pro-football-reference.com/schools/louisville/","http://www.sports-reference.com/cfb/players/dez-fitzpatrick-1.html","/players/F/FitzDe00.htm","2021","2022",,,
"174",":picks","22","2","2","Cincinnati","0","21","","2021_110","0","0","0","0","0","110","James Hudson","OL","0","0","0","0","4","0","0","0","","","0","cle","Cleveland Browns","https://www.pro-football-reference.com/schools/cincinnati/","http://www.sports-reference.com/cfb/players/james-hudson-1.html","/players/H/HudsJa00.htm","2021","2022",,,
"175",":picks","21","1","1","Tulane","0","23","","2021_111","0","0","0","0","0","111","Cameron Sample","DE","0","0","0","0","4","0","0","0","2.5","15","0","cin","Cincinnati Bengals","https://www.pro-football-reference.com/schools/tulane/","http://www.sports-reference.com/cfb/players/cameron-sample-1.html","/players/S/SampCa00.htm","2021","2022",,,
"176",":picks","21","8","8","USC","0","25","","2021_112","0","0","0","0","0","112","Amon-Ra St. Brown","WR","0","139","8","1430","4","10","1","131","","1","0","det","Detroit Lions","https://www.pro-football-reference.com/schools/usc/","http://www.sports-reference.com/cfb/players/amon-ra-st-brown-1.html","/players/S/StxxAm00.htm","2021","2022",,,
"177",":picks","22","3","3","Purdue","0","26","","2021_113","0","0","0","0","0","113","Derrick Barnes","DE","0","0","0","0","4","0","0","0","3.0","57","0","det","Detroit Lions","https://www.pro-football-reference.com/schools/purdue/","http://www.sports-reference.com/cfb/players/derrick-barnes-2.html","/players/B/BarnDe02.htm","2021","2022",,,
"178",":picks","22","1","1","Stanford","0","27","","2021_114","0","0","0","0","0","114","Drew Dalman","C","0","0","0","0","4","0","0","0","","1","0","atl","Atlanta Falcons","https://www.pro-football-reference.com/schools/stanford/","http://www.sports-reference.com/cfb/players/drew-dalman-1.html","/players/D/DalmDr00.htm","2021","2022",,,
"179",":picks","23","1","1","LSU","0","11","","2021_115","0","0","0","0","0","115","Jabril Cox","LB","0","0","0","0","4","0","0","0","","2","0","dal","Dallas Cowboys","https://www.pro-football-reference.com/schools/lsu/","http://www.sports-reference.com/cfb/players/jabril-cox-1.html","/players/C/CoxxJa00.htm","2021","2022",,,
"180",":picks","23","1","1","Northern Iowa","0","10","","2021_116","0","0","0","0","0","116","Elerson Smith","DL","0","0","0","0","4","0","0","0","","3","0","nyg","New York Giants","https://www.pro-football-reference.com/schools/noiowa/","","/players/S/SmitEl00.htm","2021","2022",,,
"181",":picks","21","1","1","Texas A&M","0","11","","2021_117","0","0","0","0","0","117","Bobby Brown","DL","0","0","0","0","4","0","0","0","","","0","ram","Los Angeles Rams","https://www.pro-football-reference.com/schools/texasam/","http://www.sports-reference.com/cfb/players/bobby-brown-iii-1.html","/players/B/BrowBo04.htm","2021","2022",,,
"182",":picks","22","1","1","Duke","0","23","","2021_118","0","0","0","0","0","118","Chris Rumph","DE","0","0","0","0","4","0","0","0","1.0","11","0","sdg","Los Angeles Chargers","https://www.pro-football-reference.com/schools/duke/","http://www.sports-reference.com/cfb/players/chris-rumph-ii-1.html","/players/R/RumpCh00.htm","2021","2022",,,
"183",":picks","23","2","2","Iowa St.","0","20","","2021_119","0","0","0","0","0","119","Kene Nwangwu","RB","0","4","0","9","4","13","0","61","","2","0","min","Minnesota Vikings","https://www.pro-football-reference.com/schools/iowast/","http://www.sports-reference.com/cfb/players/kene-nwangwu-1.html","/players/N/NwanKe00.htm","2021","2022",,,
"184",":picks","23","5","5","Oklahoma","0","21","","2021_120","0","0","0","0","0","120","Rhamondre Stevenson","RB","0","49","1","350","4","262","9","1224","","3","0","nwe","New England Patriots","https://www.pro-football-reference.com/schools/oklahoma/","http://www.sports-reference.com/cfb/players/rhamondre-stevenson-1.html","/players/S/StevRh00.htm","2021","2022",,,
"185",":picks","23","0","0","Ala-Birmingham","0","2","","2021_121","0","0","0","0","0","121","Jordan Smith","OLB","0","0","0","0","4","0","0","0","","1","0","jax","Jacksonville Jaguars","https://www.pro-football-reference.com/schools/alabirmingham/","http://www.sports-reference.com/cfb/players/jordan-smith-5.html","/players/S/SmitJo03.htm","2021","2021",,,
"186",":picks","23","0","0","LSU","0","5","","2021_122","0","0","0","0","0","122","Tyler Shelvin","DT","0","0","0","0","4","0","0","0","","1","0","cin","Cincinnati Bengals","https://www.pro-football-reference.com/schools/lsu/","http://www.sports-reference.com/cfb/players/tyler-shelvin-1.html","/players/S/ShelTy00.htm","2021","2022",,,
"187",":picks","23","1","1","Texas Tech","0","25","","2021_123","0","0","0","0","0","123","Zech McPhearson","DB","0","0","0","0","4","0","0","0","","16","0","phi","Philadelphia Eagles","https://www.pro-football-reference.com/schools/texastech/","http://www.sports-reference.com/cfb/players/zech-mcphearson-1.html","/players/M/McPhZe00.htm","2021","2022",,,
"188",":picks","23","2","2","Boise St.","0","26","","2021_124","0","0","0","0","0","124","John Bates","TE","0","31","1","333","4","0","0","0","","2","0","was","Washington Football Team","https://www.pro-football-reference.com/schools/boisest/","http://www.sports-reference.com/cfb/players/john-bates-1.html","/players/B/BateJo00.htm","2021","2022",,,
"189",":picks","23","2","2","California","0","23","2","2021_125","0","0","0","0","0","125","Camryn Bynum","CB","0","0","0","0","4","0","0","0","1.0","43","0","min","Minnesota Vikings","https://www.pro-football-reference.com/schools/california/","http://www.sports-reference.com/cfb/players/camryn-bynum-1.html","/players/B/BynuCa00.htm","2021","2022",,,
"190",":picks","22","5","5","Oklahoma St.","0","25","","2021_126","0","0","0","0","0","126","Chuba Hubbard","RB","0","28","1","185","4","192","6","723","","4","0","car","Carolina Panthers","https://www.pro-football-reference.com/schools/oklahomast/","http://www.sports-reference.com/cfb/players/chuba-hubbard-1.html","/players/H/HubbCh01.htm","2021","2022",,,
"191",":picks","23","1","1","SMU","0","27","","2021_127","0","0","0","0","0","127","Kylen Granson","TE","0","35","0","339","4","1","0","0","","2","0","clt","Indianapolis Colts","https://www.pro-football-reference.com/schools/smu/","http://www.sports-reference.com/cfb/players/kylen-granson-1.html","/players/G/GranKy00.htm","2021","2022",,,
"192",":picks","22","7","7","Texas A&M","0","25","","2021_128","0","0","0","0","0","128","Dan Moore","OL","0","0","0","0","4","0","0","0","","","1","pit","Pittsburgh Steelers","https://www.pro-football-reference.com/schools/texasam/","http://www.sports-reference.com/cfb/players/dan-moore-jr-1.html","/players/M/MoorDa05.htm","2021","2022",,,
"193",":picks","22","0","0","North Texas","0","19","","2021_129","0","0","0","0","0","129","Jaelon Darden","WR","0","8","0","69","4","2","0","13","","","0","tam","Tampa Bay Buccaneers","https://www.pro-football-reference.com/schools/notexas/","http://www.sports-reference.com/cfb/players/jaelon-darden-1.html","/players/D/DardJa00.htm","2021","2022",,,
"194",":picks","23","2","2","Central Arkansas","0","20","1","2021_130","0","0","0","0","0","130","Robert Rochell","DB","0","0","0","0","4","0","0","0","","14","0","ram","Los Angeles Rams","https://www.pro-football-reference.com/schools/centralarkansas/","","/players/R/RochRo00.htm","2021","2022",,,
"195",":picks","22","0","0","Oklahoma St.","0","23","","2021_131","0","0","0","0","0","131","Tylan Wallace","WR","0","5","0","44","4","0","0","0","","4","0","rav","Baltimore Ravens","https://www.pro-football-reference.com/schools/oklahomast/","http://www.sports-reference.com/cfb/players/tylan-wallace-1.html","/players/W/WallTy00.htm","2021","2022",,,
"196",":picks","21","0","0","Ohio St.","0","15","","2021_132","0","0","0","0","0","132","Tommy Togiai","DT","0","0","0","0","4","0","0","0","1.0","12","0","cle","Cleveland Browns","https://www.pro-football-reference.com/schools/ohiost/","http://www.sports-reference.com/cfb/players/tommy-togiai-1.html","/players/T/TogiTo00.htm","2021","2022",,,
"197",":picks","23","0","0","Notre Dame","0","1","","2021_133","20","12","2","0","135","133","Ian Book","QB","0","0","0","0","4","3","0","6","","","0","nor","New Orleans Saints","https://www.pro-football-reference.com/schools/notredame/","http://www.sports-reference.com/cfb/players/ian-book-1.html","/players/B/BookIa00.htm","2021","2021",,,
"198",":picks","22","","","Florida St.","0","","","2021_134","","","","","","134","Janarius Robinson","DE","0","","","","4","","","","","","0","min","Minnesota Vikings","https://www.pro-football-reference.com/schools/floridast/","http://www.sports-reference.com/cfb/players/janarius-robinson-1.html","/players/R/RobiJa04.htm","2021","",,,
"199",":picks","23","0","0","Pittsburgh","0","11","","2021_135","0","0","0","0","0","135","Rashad Weaver","DL","0","0","0","0","4","0","0","0","5.5","9","0","oti","Tennessee Titans","https://www.pro-football-reference.com/schools/pittsburgh/","http://www.sports-reference.com/cfb/players/rashad-weaver-1.html","/players/W/WeavRa00.htm","2021","2022",,,
"200",":picks","22","5","5","Florida","0","24","1","2021_136","0","0","0","0","0","136","Marco Wilson","CB","0","0","0","0","4","0","0","0","","70","1","crd","Arizona Cardinals","https://www.pro-football-reference.com/schools/florida/","http://www.sports-reference.com/cfb/players/marco-wilson-1.html","/players/W/WilsMa04.htm","2021","2022",,,
"201",":picks","23","1","1","Oklahoma","0","5","","2021_137","0","0","0","0","0","137","Tre Brown","CB","0","0","0","0","4","0","0","0","","9","0","sea","Seattle Seahawks","https://www.pro-football-reference.com/schools/oklahoma/","http://www.sports-reference.com/cfb/players/tre-brown-2.html","/players/B/BrowTr03.htm","2021","2021",,,
"202",":picks","23","0","0","Marshall","0","5","","2021_138","0","0","0","0","0","138","Josh Ball","OL","0","0","0","0","4","0","0","0","","","0","dal","Dallas Cowboys","https://www.pro-football-reference.com/schools/marshall/","http://www.sports-reference.com/cfb/players/josh-ball-1.html","/players/B/BallJo00.htm","2021","2022",,,
"203",":picks","23","1","1","East Carolina","0","3","","2021_139","0","0","0","0","0","139","D'Ante Smith","T","0","0","0","0","4","0","0","0","","","0","cin","Cincinnati Bengals","https://www.pro-football-reference.com/schools/eastcarolina/","http://www.sports-reference.com/cfb/players/dante-smith-1.html","/players/S/SmitDA03.htm","2021","2022",,,
"204",":picks","22","0","0","Texas A&M","0","4","","2021_140","0","0","0","0","0","140","Buddy Johnson","LB","0","0","0","0","4","0","0","0","","2","0","pit","Pittsburgh Steelers","https://www.pro-football-reference.com/schools/texasam/","http://www.sports-reference.com/cfb/players/buddy-johnson-1.html","/players/J/JohnBu01.htm","2021","2021",,,
"205",":picks","24","0","0","Central Florida","0","12","","2021_141","0","0","0","0","0","141","Jacob Harris","WR","0","0","0","0","4","0","0","0","","1","0","ram","Los Angeles Rams","https://www.pro-football-reference.com/schools/centralflorida/","http://www.sports-reference.com/cfb/players/jacob-harris-2.html","/players/H/HarrJa03.htm","2021","2022",,,
"206",":picks","24","8","8","Mississippi","0","28","","2021_142","0","0","0","0","0","142","Royce Newman","G","0","0","0","0","4","0","0","0","","1","1","gnb","Green Bay Packers","https://www.pro-football-reference.com/schools/mississippi/","http://www.sports-reference.com/cfb/players/royce-newman-1.html","/players/N/NewmRo00.htm","2021","2022",,,
"207",":picks","23","1","1","Missouri","0","13","","2021_143","0","0","0","0","0","143","Tyree Gillespie","S","0","0","0","0","4","0","0","0","","1","0","rai","Las Vegas Raiders","https://www.pro-football-reference.com/schools/missouri/","http://www.sports-reference.com/cfb/players/tyree-gillespie-1.html","/players/G/GillTy00.htm","2021","2022",,,
"208",":picks","22","0","0","Florida St.","0","3","","2021_144","0","0","0","0","0","144","Joshua Kaindoh","DE","0","0","0","0","4","0","0","0","","","0","kan","Kansas City Chiefs","https://www.pro-football-reference.com/schools/floridast/","http://www.sports-reference.com/cfb/players/joshua-kaindoh-1.html","/players/K/KainJo00.htm","2021","2021",,,
"209",":picks","23","0","0","Ohio St.","0","25","","2021_145","0","0","0","0","0","145","Luke Farrell","TE","0","9","0","82","5","0","0","0","","1","0","jax","Jacksonville Jaguars","https://www.pro-football-reference.com/schools/ohiost/","http://www.sports-reference.com/cfb/players/luke-farrell-1.html","/players/F/FarrLu00.htm","2021","2022",,,
"210",":picks","21","1","1","Auburn","0","14","","2021_146","0","0","0","0","0","146","Jamien Sherwood","DB","0","0","0","0","5","0","0","0","0.5","13","0","nyj","New York Jets","https://www.pro-football-reference.com/schools/auburn/","http://www.sports-reference.com/cfb/players/jamien-sherwood-1.html","/players/S/SherJa00.htm","2021","2022",,,
"211",":picks","21","1","1","Miami (FL)","0","14","","2021_147","0","0","0","0","0","147","Brevin Jordan","TE","0","26","3","210","5","0","0","0","","1","0","htx","Houston Texans","https://www.pro-football-reference.com/schools/miami(fl)/","http://www.sports-reference.com/cfb/players/brevin-jordan-1.html","/players/J/JordBr00.htm","2021","2022",,,
"212",":picks","22","2","2","Texas","0","23","","2021_148","0","0","0","0","0","148","Ta'Quon Graham","DL","0","0","0","0","5","0","0","0","","23","0","atl","Atlanta Falcons","https://www.pro-football-reference.com/schools/texas/","http://www.sports-reference.com/cfb/players/taquon-graham-1.html","/players/G/GrahTa00.htm","2021","2022",,,
"213",":picks","22","4","4","Florida","0","25","","2021_149","0","0","0","0","0","149","Evan McPherson","K","0","0","0","0","5","0","0","0","","","0","cin","Cincinnati Bengals","https://www.pro-football-reference.com/schools/florida/","http://www.sports-reference.com/cfb/players/evan-mcpherson-1.html","/players/M/McPhEv00.htm","2021","2022",,,
"214",":picks","22","5","5","Memphis","0","25","","2021_150","0","0","0","0","0","150","Kenneth Gainwell","RB","0","42","1","303","5","97","8","420","","","0","phi","Philadelphia Eagles","https://www.pro-football-reference.com/schools/memphis/","http://www.sports-reference.com/cfb/players/kenny-gainwell-1.html","/players/G/GainKe00.htm","2021","2022",,,
"215",":picks","22","3","3","Missouri","0","18","","2021_151","0","0","0","0","0","151","Larry Borom","OL","0","0","0","0","5","0","0","0","","","0","chi","Chicago Bears","https://www.pro-football-reference.com/schools/missouri/","http://www.sports-reference.com/cfb/players/larry-borom-1.html","/players/B/BoroLa00.htm","2021","2022",,,
"216",":picks","21","2","2","Texas","0","20","4","2021_152","0","0","0","0","0","152","Caden Sterns","DB","0","0","0","0","5","0","0","0","2.0","36","0","den","Denver Broncos","https://www.pro-football-reference.com/schools/texas/","http://www.sports-reference.com/cfb/players/caden-sterns-1.html","/players/S/SterCa00.htm","2021","2022",,,
"217",":picks","22","1","1","West Virginia","0","19","","2021_153","0","0","0","0","0","153","Tony Fields","LB","0","0","0","0","5","0","0","0","","5","0","cle","Cleveland Browns","https://www.pro-football-reference.com/schools/westvirginia/","http://www.sports-reference.com/cfb/players/tony-fields-ii-1.html","/players/F/FielTo00.htm","2021","2022",,,
"218",":picks","22","3","3","Duke","0","24","2","2021_154","0","0","0","0","0","154","Michael Carter","S","0","0","0","0","5","0","0","0","1.0","71","0","nyj","New York Jets","https://www.pro-football-reference.com/schools/duke/","http://www.sports-reference.com/cfb/players/michael-carter-ii-1.html","/players/C/CartMi02.htm","2021","2022",,,
"219",":picks","23","2","2","Western Michigan","0","16","","2021_155","0","0","0","0","0","155","Jaylon Moore","T","0","0","0","0","5","0","0","0","","","0","sfo","San Francisco 49ers","https://www.pro-football-reference.com/schools/westmichigan/","http://www.sports-reference.com/cfb/players/jaylon-moore-1.html","/players/M/MoorJa04.htm","2021","2022",,,
"220",":picks","23","2","2","Wisconsin","0","19","","2021_156","0","0","0","0","0","156","Isaiahh Loudermilk","DE","0","0","0","0","5","0","0","0","1.0","18","0","pit","Pittsburgh Steelers","https://www.pro-football-reference.com/schools/wisconsin/","http://www.sports-reference.com/cfb/players/isaiahh-loudermilk-1.html","/players/L/LoudIs00.htm","2021","2022",,,
"221",":picks","22","1","1","Iowa","0","14","","2021_157","0","0","0","0","0","157","Ihmir Smith-Marsette","WR","0","6","2","131","5","1","0","-1","","","0","min","Minnesota Vikings","https://www.pro-football-reference.com/schools/iowa/","http://www.sports-reference.com/cfb/players/ihmir-smith-marsette-1.html","/players/S/SmitIh00.htm","2021","2022",,,
"222",":picks","22","0","0","Iowa","0","13","","2021_158","0","0","0","0","0","158","Daviyon Nixon","DT","0","0","0","0","5","0","0","0","0.5","3","0","car","Carolina Panthers","https://www.pro-football-reference.com/schools/iowa/","http://www.sports-reference.com/cfb/players/daviyon-nixon-1.html","/players/N/NixoDa00.htm","2021","2022",,,
"223",":picks","22","1","1","Nebraska","0","16","","2021_159","0","0","0","0","0","159","Brenden Jaimes","OL","0","0","0","0","5","0","0","0","","","0","sdg","Los Angeles Chargers","https://www.pro-football-reference.com/schools/nebraska/","http://www.sports-reference.com/cfb/players/brenden-jaimes-1.html","/players/J/JaimBr00.htm","2021","2022",,,
"224",":picks","22","0","","Ohio St.","0","4","","2021_160","0","0","0","0","0","160","Shaun Wade","CB","0","0","0","0","5","0","0","0","","1","0","rav","Baltimore Ravens","https://www.pro-football-reference.com/schools/ohiost/","http://www.sports-reference.com/cfb/players/shaun-wade-1.html","/players/W/WadeSh00.htm","2021","2022",,,
"225",":picks","23","1","1","Miami (OH)","0","12","","2021_161","0","0","0","0","0","161","Tommy Doyle","OL","0","0","0","0","5","0","0","0","","","0","buf","Buffalo Bills","https://www.pro-football-reference.com/schools/miami(oh)/","http://www.sports-reference.com/cfb/players/tommy-doyle-2.html","/players/D/DoylTo00.htm","2021","2022",,,
"226",":picks","22","0","0","Duke","0","25","","2021_162","0","0","0","0","0","162","Noah Gray","TE","0","21","2","179","5","1","1","1","","","0","kan","Kansas City Chiefs","https://www.pro-football-reference.com/schools/duke/","http://www.sports-reference.com/cfb/players/noah-gray-1.html","/players/G/GrayNo00.htm","2021","2022",,,
"227",":picks","22","0","0","Cincinnati","0","18","2","2021_163","0","0","0","0","0","163","Darrick Forrest","S","0","0","0","0","5","0","0","0","","35","0","was","Washington Football Team","https://www.pro-football-reference.com/schools/cincinnati/","http://www.sports-reference.com/cfb/players/darrick-forrest-1.html","/players/F/ForrDa00.htm","2021","2022",,,
"228",":picks","21","0","0","Indiana","0","3","","2021_164","0","0","0","0","0","164","Jamar Johnson","DB","0","0","0","0","5","0","0","0","","","0","den","Denver Broncos","https://www.pro-football-reference.com/schools/indiana/","http://www.sports-reference.com/cfb/players/jamar-johnson-1.html","/players/J/JohnJa15.htm","2021","2021",,,
"229",":picks","22","0","","Florida","0","1","","2021_165","0","0","0","0","0","165","Shawn Davis","DB","0","0","0","0","5","0","0","0","","","0","clt","Indianapolis Colts","https://www.pro-football-reference.com/schools/florida/","http://www.sports-reference.com/cfb/players/shawn-davis-3.html","/players/D/DaviSh02.htm","2021","2021",,,
"230",":picks","22","2","2","Washington","0","27","","2021_166","0","0","0","0","0","166","Keith Taylor","DB","0","0","0","0","5","0","0","0","","45","0","car","Carolina Panthers","https://www.pro-football-reference.com/schools/washington/","http://www.sports-reference.com/cfb/players/keith-taylor-3.html","/players/T/TaylKe03.htm","2021","2022",,,
"231",":picks","22","3","3","Illinois","0","21","1","2021_167","0","0","0","0","0","167","Nate Hobbs","CB","0","0","0","0","5","0","0","0","2.0","79","0","rai","Las Vegas Raiders","https://www.pro-football-reference.com/schools/illinois/","http://www.sports-reference.com/cfb/players/nate-hobbs-1.html","/players/H/HobbNa00.htm","2021","2022",,,
"232",":picks","23","","","Central Missouri St.","0","","","2021_168","","","","","","168","Zach Davidson","TE","0","","","","5","","","","","","0","min","Minnesota Vikings","https://www.pro-football-reference.com/schools/centralmissourist/","","/players/D/DaviZa00.htm","2021","",,,
"233",":picks","22","1","1","Georgia","0","10","","2021_169","0","0","0","0","0","169","Richard LeCounte","DB","0","0","0","0","5","0","0","0","","2","0","cle","Cleveland Browns","https://www.pro-football-reference.com/schools/georgia/","http://www.sports-reference.com/cfb/players/richard-lecounte-iii-1.html","/players/L/LeCoRi00.htm","2021","2022",,,
"234",":picks","22","2","2","TCU","0","24","","2021_170","0","0","0","0","0","170","Garret Wallow","LB","0","0","0","0","5","0","0","0","1.0","21","0","htx","Houston Texans","https://www.pro-football-reference.com/schools/tcu/","http://www.sports-reference.com/cfb/players/garret-wallow-1.html","/players/W/WallGa00.htm","2021","2022",,,
"235",":picks","23","0","0","Notre Dame","0","1","","2021_171","0","0","0","0","0","171","Daelin Hayes","DL","0","0","0","0","5","0","0","0","","","0","rav","Baltimore Ravens","https://www.pro-football-reference.com/schools/notredame/","http://www.sports-reference.com/cfb/players/daelin-hayes-1.html","/players/H/HayeDa00.htm","2021","2021",,,
"236",":picks","21","1","1","Oregon","0","22","","2021_172","0","0","0","0","0","172","Deommodore Lenoir","CB","0","0","0","0","5","0","0","0","1.0","29","0","sfo","San Francisco 49ers","https://www.pro-football-reference.com/schools/oregon/","http://www.sports-reference.com/cfb/players/deommodore-lenoir-1.html","/players/L/LenoDe00.htm","2021","2022",,,
"237",":picks","23","1","1","Florida","0","28","","2021_173","0","0","0","0","0","173","Tedarrell Slaton","DL","0","0","0","0","5","0","0","0","1.0","20","0","gnb","Green Bay Packers","https://www.pro-football-reference.com/schools/florida/","http://www.sports-reference.com/cfb/players/tedarrell-slaton-1.html","/players/S/SlatTe00.htm","2021","2022",,,
"238",":picks","22","","","Northwestern","0","","","2021_174","","","","","","174","Earnest Brown IV","DE","0","","","","5","","","","","","0","ram","Los Angeles Rams","https://www.pro-football-reference.com/schools/northwestern/","http://www.sports-reference.com/cfb/players/earnest-brown-iv-1.html","/players/B/BrowEa00.htm","2021","",,,
"239",":picks","22","1","1","Pittsburgh","0","18","","2021_175","0","0","0","0","0","175","Jason Pinnock","CB","0","0","0","0","5","0","0","0","1.5","13","0","nyj","New York Jets","https://www.pro-football-reference.com/schools/pittsburgh/","http://www.sports-reference.com/cfb/players/jason-pinnock-1.html","/players/P/PinnJa01.htm","2021","2022",,,
"240",":picks","22","1","1","Auburn","0","24","","2021_176","0","0","0","0","0","176","K.J. Britt","LB","0","0","0","0","5","0","0","0","","9","0","tam","Tampa Bay Buccaneers","https://www.pro-football-reference.com/schools/auburn/","http://www.sports-reference.com/cfb/players/kj-britt-1.html","/players/B/BritKJ00.htm","2021","2022",,,
"241",":picks","21","","","Michigan","0","","","2021_177","","","","","","177","Cameron McGrone","LB","0","","","","5","","","","","","0","nwe","New England Patriots","https://www.pro-football-reference.com/schools/michigan/","http://www.sports-reference.com/cfb/players/cameron-mcgrone-1.html","/players/M/McGrCa00.htm","2021","",,,
"242",":picks","23","1","1","Appalachian St.","0","20","","2021_178","0","0","0","0","0","178","Shemar Jean-Charles","DB","0","0","0","0","5","0","0","0","","7","0","gnb","Green Bay Packers","https://www.pro-football-reference.com/schools/appalachianst/","http://www.sports-reference.com/cfb/players/shemar-jean-charles-1.html","/players/J/JeanSh00.htm","2021","2022",,,
"243",":picks","23","0","0","Stanford","0","10","","2021_179","0","0","0","0","0","179","Simi Fehoko","WR","0","3","0","24","5","0","0","0","","","0","dal","Dallas Cowboys","https://www.pro-football-reference.com/schools/stanford/","http://www.sports-reference.com/cfb/players/simi-fehoko-1.html","/players/F/FehoSi00.htm","2021","2022",,,
"244",":picks","22","2","2","USC","0","24","4","2021_180","0","0","0","0","0","180","Talanoa Hufanga","S","0","0","0","0","5","0","0","0","1.0","60","0","sfo","San Francisco 49ers","https://www.pro-football-reference.com/schools/usc/","http://www.sports-reference.com/cfb/players/talanoa-hufanga-1.html","/players/H/HufaTa00.htm","2021","2022",,,
"245",":picks","23","","","Clemson","0","","","2021_181","","","","","","181","Cornell Powell","WR","0","","","","5","","","","","","0","kan","Kansas City Chiefs","https://www.pro-football-reference.com/schools/clemson/","http://www.sports-reference.com/cfb/players/cornell-powell-1.html","/players/P/PoweCo00.htm","2021","",,,
"246",":picks","22","4","4","Notre Dame","0","25","","2021_182","0","0","0","0","0","182","Adetokunbo Ogundeji","DL","0","0","0","0","5","0","0","0","2.0","27","1","atl","Atlanta Falcons","https://www.pro-football-reference.com/schools/notredame/","http://www.sports-reference.com/cfb/players/adetokunbo-ogundeji-1.html","/players/O/OgunAd01.htm","2021","2022",,,
"247",":picks","23","1","1","Boise St.","0","25","","2021_183","0","0","0","0","0","183","Avery Williams","CB","0","8","0","35","5","14","1","83","","11","0","atl","Atlanta Falcons","https://www.pro-football-reference.com/schools/boisest/","http://www.sports-reference.com/cfb/players/avery-williams-6.html","/players/W/WillAv02.htm","2021","2022",,,
"248",":picks","22","","","Michigan","0","","","2021_184","","","","","","184","Ben Mason","FB","0","","","","5","","","","","","0","rav","Baltimore Ravens","https://www.pro-football-reference.com/schools/michigan/","http://www.sports-reference.com/cfb/players/ben-mason-1.html","/players/M/MasoBe00.htm","2021","",,,
"249",":picks","23","1","1","Iowa","0","26","1","2021_185","0","0","0","0","0","185","Nick Niemann","LB","0","0","0","0","6","0","0","0","","15","0","sdg","Los Angeles Chargers","https://www.pro-football-reference.com/schools/iowa/","http://www.sports-reference.com/cfb/players/nick-niemann-1.html","/players/N/NiemNi00.htm","2021","2022",,,
"250",":picks","22","1","1","Florida St.","0","14","","2021_186","0","0","0","0","0","186","Hamsah Nasirildeen","DB","0","0","0","0","6","0","0","0","","3","0","nyj","New York Jets","https://www.pro-football-reference.com/schools/floridast/","http://www.sports-reference.com/cfb/players/hamsah-nasirildeen-1.html","/players/N/NasiHa00.htm","2021","2022",,,
"251",":picks","23","0","0","Arizona St.","0","11","","2021_187","0","0","0","0","0","187","Frank Darby","WR","0","1","0","14","6","0","0","0","","","0","atl","Atlanta Falcons","https://www.pro-football-reference.com/schools/arizonast/","http://www.sports-reference.com/cfb/players/frank-darby-1.html","/players/D/DarbFr00.htm","2021","2022",,,
"252",":picks","22","0","0","Missouri","0","2","","2021_188","0","0","0","0","0","188","Joshuah Bledsoe","S","0","0","0","0","6","0","0","0","","","0","nwe","New England Patriots","https://www.pro-football-reference.com/schools/missouri/","http://www.sports-reference.com/cfb/players/joshuah-bledsoe-1.html","/players/B/BledJo00.htm","2021","2022",,,
"253",":picks","22","0","0","USC","0","14","","2021_189","0","0","0","0","0","189","Marlon Tuipulotu","DL","0","0","0","0","6","0","0","0","1.0","9","0","phi","Philadelphia Eagles","https://www.pro-football-reference.com/schools/usc/","http://www.sports-reference.com/cfb/players/marlon-tuipulotu-1.html","/players/T/TuipMa00.htm","2021","2022",,,
"254",":picks","21","2","2","Georgia","0","17","","2021_190","0","0","0","0","0","190","Trey Hill","OL","0","0","0","0","6","0","0","0","","","0","cin","Cincinnati Bengals","https://www.pro-football-reference.com/schools/georgia/","http://www.sports-reference.com/cfb/players/trey-hill-1.html","/players/H/HillTr03.htm","2021","2022",,,
"255",":picks","23","1","1","Coastal Carolina","0","21","","2021_191","0","0","0","0","0","191","Tarron Jackson","DE","0","0","0","0","6","0","0","0","1.0","11","0","phi","Philadelphia Eagles","https://www.pro-football-reference.com/schools/coastalcarolina/","http://www.sports-reference.com/cfb/players/tarron-jackson-1.html","/players/J/JackTa02.htm","2021","2022",,,
"256",":picks","22","2","2","Kentucky","0","22","","2021_192","0","0","0","0","0","192","Quinton Bohanna","DT","0","0","0","0","6","0","0","0","","9","0","dal","Dallas Cowboys","https://www.pro-football-reference.com/schools/kentucky/","http://www.sports-reference.com/cfb/players/quinton-bohanna-1.html","/players/B/BohaQu00.htm","2021","2022",,,
"257",":picks","23","0","0","Alabama","0","3","","2021_193","0","0","0","0","0","193","Deonte Brown","OL","0","0","0","0","6","0","0","0","","","0","car","Carolina Panthers","https://www.pro-football-reference.com/schools/alabama/","http://www.sports-reference.com/cfb/players/deonte-brown-1.html","/players/B/BrowDe06.htm","2021","2021",,,
"258",":picks","23","7","7","Louisiana","0","13","","2021_194","0","0","0","0","0","194","Elijah Mitchell","RB","0","20","1","136","6","231","5","1093","","","0","sfo","San Francisco 49ers","https://www.pro-football-reference.com/schools/lalafayette/","http://www.sports-reference.com/cfb/players/elijah-mitchell-2.html","/players/M/MitcEl00.htm","2021","2022",,,
"259",":picks","24","6","6","Arizona","0","25","","2021_195","0","0","0","0","0","195","Roy Lopez","DL","0","0","0","0","6","0","0","0","2.0","28","1","htx","Houston Texans","https://www.pro-football-reference.com/schools/arizona/","http://www.sports-reference.com/cfb/players/roy-lopez-1.html","/players/L/LopeRo00.htm","2021","2022",,,
"260",":picks","22","0","0","Arizona","0","22","","2021_196","0","0","0","0","0","196","Gary Brightwell","RB","0","1","0","6","6","5","1","23","","2","0","nyg","New York Giants","https://www.pro-football-reference.com/schools/arizona/","http://www.sports-reference.com/cfb/players/gary-brightwell-1.html","/players/B/BrigGa00.htm","2021","2022",,,
"261",":picks","22","0","0","Colorado","0","1","","2021_197","0","0","0","0","0","197","William Sherman","OL","0","0","0","0","6","0","0","0","","","0","nwe","New England Patriots","https://www.pro-football-reference.com/schools/colorado/","http://www.sports-reference.com/cfb/players/william-sherman-1.html","/players/S/SherWi01.htm","2021","2021",,,
"262",":picks","22","1","1","Missouri","0","13","","2021_198","0","0","0","0","0","198","Larry Rountree","RB","0","1","0","-1","6","36","1","87","","","0","sdg","Los Angeles Chargers","https://www.pro-football-reference.com/schools/missouri/","http://www.sports-reference.com/cfb/players/larry-rountree-iii-1.html","/players/R/RounLa00.htm","2021","2022",,,
"263",":picks","22","","","Pittsburgh","0","","","2021_199","","","","","","199","Jaylen Twyman","DL","0","","","","6","","","","","","0","min","Minnesota Vikings","https://www.pro-football-reference.com/schools/pittsburgh/","http://www.sports-reference.com/cfb/players/jaylen-twyman-1.html","/players/T/TwymJa00.htm","2021","",,,
"264",":picks","23","4","4","Kentucky","0","23","2","2021_200","0","0","0","0","0","200","Brandin Echols","CB","0","0","0","0","6","0","0","0","","53","1","nyj","New York Jets","https://www.pro-football-reference.com/schools/kentucky/","http://www.sports-reference.com/cfb/players/brandin-echols-1.html","/players/E/EchoBr00.htm","2021","2022",,,
"265",":picks","24","0","0","Oklahoma St.","0","5","","2021_201","0","0","0","0","0","201","Rodarius Williams","CB","0","0","0","0","6","0","0","0","","1","0","nyg","New York Giants","https://www.pro-football-reference.com/schools/oklahomast/","http://www.sports-reference.com/cfb/players/rodarius-williams-1.html","/players/W/WillRo07.htm","2021","2021",,,
"266",":picks","23","2","2","Michigan","0","23","","2021_202","0","0","0","0","0","202","Chris Evans","RB","0","17","2","181","6","17","0","77","","4","0","cin","Cincinnati Bengals","https://www.pro-football-reference.com/schools/michigan/","http://www.sports-reference.com/cfb/players/chris-evans-2.html","/players/E/EvanCh02.htm","2021","2022",,,
"267",":picks","23","0","0","Houston","0","5","","2021_203","0","0","0","0","0","203","Marquez Stevenson","WR","0","0","0","0","6","0","0","0","","","0","buf","Buffalo Bills","https://www.pro-football-reference.com/schools/houston/","http://www.sports-reference.com/cfb/players/marquez-stevenson-1.html","/players/S/StevMa00.htm","2021","2021",,,
"268",":picks","22","1","1","South Carolina","0","16","","2021_204","0","0","0","0","0","204","Shi Smith","WR","0","16","0","246","6","1","0","-3","","2","0","car","Carolina Panthers","https://www.pro-football-reference.com/schools/socarolina/","http://www.sports-reference.com/cfb/players/shi-smith-1.html","/players/S/SmitSh03.htm","2021","2022",,,
"269",":picks","22","0","0","LSU","0","9","","2021_205","0","0","0","0","0","205","Racey McMath","WR","0","2","0","8","6","0","0","0","","1","0","oti","Tennessee Titans","https://www.pro-football-reference.com/schools/lsu/","http://www.sports-reference.com/cfb/players/racey-mcmath-1.html","/players/M/McMaRa00.htm","2021","2021",,,
"270",":picks","24","1","1","Kentucky","0","19","","2021_206","0","0","0","0","0","206","Landon Young","T","0","0","0","0","6","0","0","0","","","0","nor","New Orleans Saints","https://www.pro-football-reference.com/schools/kentucky/","http://www.sports-reference.com/cfb/players/landon-young-1.html","/players/Y/YounLa00.htm","2021","2022",,,
"271",":picks","23","0","0","Arkansas","0","4","","2021_207","0","0","0","0","0","207","Jonathan Marshall","DL","0","0","0","0","6","0","0","0","","1","0","nyj","New York Jets","https://www.pro-football-reference.com/schools/arkansas/","http://www.sports-reference.com/cfb/players/jonathan-marshall-1.html","/players/M/MarsJo00.htm","2021","2021",,,
"272",":picks","23","1","1","Florida","0","20","","2021_208","0","0","0","0","0","208","Stone Forsythe","OL","0","0","0","0","6","0","0","0","","","0","sea","Seattle Seahawks","https://www.pro-football-reference.com/schools/florida/","http://www.sports-reference.com/cfb/players/stone-forsythe-1.html","/players/F/ForsSt00.htm","2021","2022",,,
"273",":picks","23","0","","Georgia Tech","0","4","","2021_209","0","0","0","0","0","209","Jalen Camp","WR","0","1","0","7","6","0","0","0","","","0","jax","Jacksonville Jaguars","https://www.pro-football-reference.com/schools/georgiatech/","http://www.sports-reference.com/cfb/players/jalen-camp-1.html","/players/C/CampJa03.htm","2021","2022",,,
"274",":picks","21","1","1","Duke","0","24","","2021_210","0","0","0","0","0","210","Victor Dimukeje","DE","0","0","0","0","6","0","0","0","","11","0","crd","Arizona Cardinals","https://www.pro-football-reference.com/schools/duke/","http://www.sports-reference.com/cfb/players/victor-dimukeje-1.html","/players/D/DimuVi00.htm","2021","2022",,,
"275",":picks","23","2","2","UCLA","0","21","","2021_211","0","0","0","0","0","211","Demetric Felton","RB","0","19","2","184","6","8","0","20","","2","0","cle","Cleveland Browns","https://www.pro-football-reference.com/schools/ucla/","http://www.sports-reference.com/cfb/players/demetric-felton-1.html","/players/F/FeltDe00.htm","2021","2022",,,
"276",":picks","23","1","1","Pittsburgh","0","23","","2021_212","0","0","0","0","0","212","Damar Hamlin","DB","0","0","0","0","6","0","0","0","1.5","49","0","buf","Buffalo Bills","https://www.pro-football-reference.com/schools/pittsburgh/","http://www.sports-reference.com/cfb/players/damar-hamlin-1.html","/players/H/HamlDa00.htm","2021","2022",,,
"277",":picks","21","0","","Wisconsin","0","14","","2021_213","0","0","0","0","0","213","Rachad Wildgoose","CB","0","0","0","0","6","0","0","0","","12","0","buf","Buffalo Bills","https://www.pro-football-reference.com/schools/wisconsin/","http://www.sports-reference.com/cfb/players/rachad-wildgoose-1.html","/players/W/WildRa00.htm","2021","2022",,,
"278",":picks","23","0","0","Wisconsin","0","10","","2021_214","0","0","0","0","0","214","Cole Van Lanen","OL","0","0","0","0","6","0","0","0","","","0","gnb","Green Bay Packers","https://www.pro-football-reference.com/schools/wisconsin/","http://www.sports-reference.com/cfb/players/cole-van-lanen-1.html","/players/V/VanxCo00.htm","2021","2022",,,
"279",":picks","23","0","0","Oregon","0","9","","2021_215","0","0","0","0","0","215","Brady Breeze","S","0","0","0","0","6","0","0","0","","5","0","oti","Tennessee Titans","https://www.pro-football-reference.com/schools/oregon/","http://www.sports-reference.com/cfb/players/brady-breeze-1.html","/players/B/BreeBr00.htm","2021","2021",,,
"280",":picks","23","2","","Miami (FL)","0","17","","2021_216","0","0","0","0","0","216","Quincy Roche","DL","0","0","0","0","6","0","0","0","2.5","23","0","pit","Pittsburgh Steelers","https://www.pro-football-reference.com/schools/miami(fl)/","http://www.sports-reference.com/cfb/players/quincy-roche-1.html","/players/R/RochQu00.htm","2021","2022",,,
"281",":picks","23","3","3","Virginia Tech","0","27","","2021_217","0","0","0","0","0","217","Khalil Herbert","RB","0","20","1","158","6","211","6","1076","","5","0","chi","Chicago Bears","https://www.pro-football-reference.com/schools/virginiatech/","http://www.sports-reference.com/cfb/players/khalil-herbert-1.html","/players/H/HerbKh00.htm","2021","2022",,,
"282",":picks","22","0","0","Texas","0","5","","2021_218","52","32","1","0","304","218","Sam Ehlinger","QB","0","0","0","0","6","14","0","63","","","0","clt","Indianapolis Colts","https://www.pro-football-reference.com/schools/texas/","http://www.sports-reference.com/cfb/players/sam-ehlinger-1.html","/players/E/EhliSa00.htm","2021","2022",,,
"283",":picks","21","0","0","Auburn","0","2","","2021_219","0","0","0","0","0","219","Seth Williams","WR","0","1","0","34","6","0","0","0","","","0","den","Denver Broncos","https://www.pro-football-reference.com/schools/auburn/","http://www.sports-reference.com/cfb/players/seth-williams-1.html","/players/W/WillSe00.htm","2021","2021",,,
"284",":picks","22","1","1","Boston Col.","0","24","","2021_220","0","0","0","0","0","220","Isaiah McDuffie ","LB","0","0","0","0","6","0","0","0","","19","0","gnb","Green Bay Packers","https://www.pro-football-reference.com/schools/bostoncol/","http://www.sports-reference.com/cfb/players/isaiah-mcduffie-1.html","/players/M/McDuIs00.htm","2021","2022",,,
"285",":picks","22","0","0","North Carolina","0","3","","2021_221","0","0","0","0","0","221","Dazz Newsome","WR","0","2","0","23","6","0","0","0","","1","0","chi","Chicago Bears","https://www.pro-football-reference.com/schools/nocarolina/","http://www.sports-reference.com/cfb/players/dazz-newsome-1.html","/players/N/NewsDa00.htm","2021","2021",,,
"286",":picks","22","","","Alabama","0","","","2021_222","","","","","","222","Thomas Fletcher","LS","0","","","","6","","","","","","0","car","Carolina Panthers","https://www.pro-football-reference.com/schools/alabama/","http://www.sports-reference.com/cfb/players/thomas-fletcher-1.html","/players/F/FletTh00.htm","2021","",,,
"287",":picks","23","0","","Central Florida","0","2","","2021_223","0","0","0","0","0","223","Tay Gowan","DB","0","0","0","0","6","0","0","0","","1","0","crd","Arizona Cardinals","https://www.pro-football-reference.com/schools/centralflorida/","http://www.sports-reference.com/cfb/players/tay-gowan-1.html","/players/G/GowaTa00.htm","2021","2021",,,
"288",":picks","23","0","0","LSU","0","2","","2021_224","0","0","0","0","0","224","JaCoby Stevens","S","0","0","0","0","6","0","0","0","","1","0","phi","Philadelphia Eagles","https://www.pro-football-reference.com/schools/lsu/","http://www.sports-reference.com/cfb/players/jacoby-stevens-1.html","/players/S/StevJa00.htm","2021","2021",,,
"289",":picks","23","1","1","Michigan","0","27","","2021_225","0","0","0","0","0","225","Camaron Cheeseman","LS","0","0","0","0","6","0","0","0","","","0","was","Washington Football Team","https://www.pro-football-reference.com/schools/michigan/","http://www.sports-reference.com/cfb/players/cameron-cheeseman-1.html","/players/C/CheeCa00.htm","2021","2022",,,
"290",":picks","22","10","10","Tennessee","0","25","","2021_226","0","0","0","0","0","226","Trey Smith","OL","0","0","0","0","6","0","0","0","","","1","kan","Kansas City Chiefs","https://www.pro-football-reference.com/schools/tennessee/","http://www.sports-reference.com/cfb/players/trey-smith-5.html","/players/S/SmitTr05.htm","2021","2022",,,
"291",":picks","21","0","0","South Carolina","0","12","","2021_227","0","0","0","0","0","227","Israel Mukuamu","DB","0","0","0","0","6","0","0","0","","8","0","dal","Dallas Cowboys","https://www.pro-football-reference.com/schools/socarolina/","http://www.sports-reference.com/cfb/players/israel-mukuamu-1.html","/players/M/MukuIs00.htm","2021","2022",,,
"292",":picks","22","0","0","Oregon","0","9","","2021_228","0","0","0","0","0","228","Thomas Graham","CB","0","0","0","0","6","0","0","0","","6","0","chi","Chicago Bears","https://www.pro-football-reference.com/schools/oregon/","http://www.sports-reference.com/cfb/players/thomas-graham-jr-1.html","/players/G/GrahTh00.htm","2021","2022",,,
"293",":picks","24","0","0","Charleston (WV)","0","15","","2021_229","0","0","0","0","0","229","Mike Strachan","WR","0","5","0","85","7","0","0","0","","","0","clt","Indianapolis Colts","https://www.pro-football-reference.com/schools/charleston(wv)/","","/players/S/StraMi03.htm","2021","2022",,,
"294",":picks","23","1","","Pittsburgh","0","9","","2021_230","0","0","0","0","0","230","Jimmy Morrissey","OL","0","0","0","0","7","0","0","0","","","0","rai","Las Vegas Raiders","https://www.pro-football-reference.com/schools/pittsburgh/","http://www.sports-reference.com/cfb/players/jimmy-morrissey-1.html","/players/M/MorrJi00.htm","2021","2022",,,
"295",":picks","23","0","0","Massachusetts","0","1","","2021_231","0","0","0","0","0","231","Larnel Coleman","T","0","0","0","0","7","0","0","0","","","0","mia","Miami Dolphins","https://www.pro-football-reference.com/schools/massachusetts/","http://www.sports-reference.com/cfb/players/larnel-coleman-1.html","/players/C/ColeLa03.htm","2021","2022",,,
"296",":picks","24","0","0","Kentucky","0","6","","2021_232","0","0","0","0","0","232","Phil Hoskins","DT","0","0","0","0","7","0","0","0","1.0","4","0","car","Carolina Panthers","https://www.pro-football-reference.com/schools/kentucky/","http://www.sports-reference.com/cfb/players/phil-hoskins-1.html","/players/H/HoskPh00.htm","2021","2022",,,
"297",":picks","23","0","0","Maryland","0","15","","2021_233","0","0","0","0","0","233","Jake Funk","RB","0","0","0","0","7","2","0","5","","1","0","ram","Los Angeles Rams","https://www.pro-football-reference.com/schools/maryland/","http://www.sports-reference.com/cfb/players/jake-funk-1.html","/players/F/FunkJa00.htm","2021","2022",,,
"298",":picks","23","2","2","Tulane","0","25","","2021_234","0","0","0","0","0","234","Patrick Johnson","DE","0","0","0","0","7","0","0","0","","14","0","phi","Philadelphia Eagles","https://www.pro-football-reference.com/schools/tulane/","http://www.sports-reference.com/cfb/players/patrick-johnson-4.html","/players/J/JohnPa02.htm","2021","2022",,,
"299",":picks","23","","","Kansas St.","0","","","2021_235","","","","","","235","Wyatt Hubert","DE","0","","","","7","","","","","","0","cin","Cincinnati Bengals","https://www.pro-football-reference.com/schools/kansasst/","http://www.sports-reference.com/cfb/players/wyatt-hubert-1.html","/players/H/HubeWy00.htm","2021","",,,
"300",":picks","22","1","","Texas Tech","0","10","","2021_236","0","0","0","0","0","236","Jack Anderson","OL","0","0","0","0","7","0","0","0","","","0","buf","Buffalo Bills","https://www.pro-football-reference.com/schools/texastech/","http://www.sports-reference.com/cfb/players/jack-anderson-3.html","/players/A/AndeJa01.htm","2021","2022",,,
"301",":picks","22","0","","LSU","0","2","","2021_237","0","0","0","0","0","237","Kary Vincent Jr.","CB","0","0","0","0","7","0","0","0","","2","0","den","Denver Broncos","https://www.pro-football-reference.com/schools/lsu/","http://www.sports-reference.com/cfb/players/kary-vincent-jr-1.html","/players/V/VincKa00.htm","2021","2021",,,
"302",":picks","23","1","1","Nebraska","0","19","","2021_238","0","0","0","0","0","238","Matt Farniok","G","0","0","0","0","7","0","0","0","","1","0","dal","Dallas Cowboys","https://www.pro-football-reference.com/schools/nebraska/","http://www.sports-reference.com/cfb/players/matt-farniok-1.html","/players/F/FarnMa00.htm","2021","2022",,,
"303",":picks","23","4","4","Ohio St.","0","22","","2021_239","0","0","0","0","0","239","Jonathon Cooper","DE","0","0","0","0","7","0","0","0","2.5","29","0","den","Denver Broncos","https://www.pro-football-reference.com/schools/ohiost/","http://www.sports-reference.com/cfb/players/jonathon-cooper-1.html","/players/C/CoopJo02.htm","2021","2022",,,
"304",":picks","23","0","0","Baylor","0","4","","2021_240","0","0","0","0","0","240","William Bradley-King","OLB","0","0","0","0","7","0","0","0","0.5","1","0","was","Washington Football Team","https://www.pro-football-reference.com/schools/baylor/","http://www.sports-reference.com/cfb/players/william-bradley-king-1.html","/players/B/BradWi00.htm","2021","2022",,,
"305",":picks","22","0","0","Georgia","0","7","","2021_241","0","0","0","0","0","241","Mark Webb","DB","0","0","0","0","7","0","0","0","","3","0","sdg","Los Angeles Chargers","https://www.pro-football-reference.com/schools/georgia/","http://www.sports-reference.com/cfb/players/mark-webb-1.html","/players/W/WebbMa01.htm","2021","2021",,,
"306",":picks","23","","","Central Florida","0","","","2021_242","","","","","","242","Tre Nixon","WR","0","","","","7","","","","","","0","nwe","New England Patriots","https://www.pro-football-reference.com/schools/centralflorida/","http://www.sports-reference.com/cfb/players/tre-nixon-1.html","/players/N/NixoTr01.htm","2021","",,,
"307",":picks","24","0","0","Cincinnati","0","3","","2021_243","0","0","0","0","0","243","James Wiggins","S","0","0","0","0","7","0","0","0","","","0","crd","Arizona Cardinals","https://www.pro-football-reference.com/schools/cincinnati/","http://www.sports-reference.com/cfb/players/james-wiggins-1.html","/players/W/WiggJa00.htm","2021","2021",,,
"308",":picks","23","","","Cincinnati","0","","","2021_244","","","","","","244","Gerrid Doaks","RB","0","","","","7","","","","","","0","mia","Miami Dolphins","https://www.pro-football-reference.com/schools/cincinnati/","http://www.sports-reference.com/cfb/players/gerrid-doaks-1.html","/players/D/DoakGe00.htm","2021","",,,
"309",":picks","22","2","2","Oklahoma","0","26","1","2021_245","0","0","0","0","0","245","Tre Norwood","DB","0","0","0","0","7","0","0","0","","49","0","pit","Pittsburgh Steelers","https://www.pro-football-reference.com/schools/oklahoma/","http://www.sports-reference.com/cfb/players/tre-norwood-1.html","/players/N/NorwTr00.htm","2021","2022",,,
"310",":picks","23","1","1","Penn St.","0","19","","2021_246","0","0","0","0","0","246","Shaka Toney","DE","0","0","0","0","7","0","0","0","1.5","6","0","was","Washington Football Team","https://www.pro-football-reference.com/schools/pennst/","http://www.sports-reference.com/cfb/players/shaka-toney-1.html","/players/T/ToneSh00.htm","2021","2022",,,
"311",":picks","24","","","Penn St.","0","","","2021_247","","","","","","247","Michal Menet","OL","0","","","","7","","","","","","0","crd","Arizona Cardinals","https://www.pro-football-reference.com/schools/pennst/","http://www.sports-reference.com/cfb/players/michal-menet-1.html","/players/M/MeneMi00.htm","2021","",,,
"312",":picks","23","0","0","Penn St.","0","12","","2021_248","0","0","0","0","0","248","Will Fries","OL","0","0","0","0","7","0","0","0","","","0","clt","Indianapolis Colts","https://www.pro-football-reference.com/schools/pennst/","http://www.sports-reference.com/cfb/players/will-fries-1.html","/players/F/FrieWi00.htm","2021","2022",,,
"313",":picks","24","1","1","Notre Dame","0","23","","2021_249","0","0","0","0","0","249","Ben Skowronek","WR","0","37","0","378","7","1","1","17","","6","0","ram","Los Angeles Rams","https://www.pro-football-reference.com/schools/notredame/","http://www.sports-reference.com/cfb/players/ben-skowronek-1.html","/players/S/SkowBe00.htm","2021","2022",,,
"314",":picks","25","2","2","BYU","0","18","","2021_250","0","0","0","0","0","250","Khyiris Tonga","DL","0","0","0","0","7","0","0","0","","11","0","chi","Chicago Bears","https://www.pro-football-reference.com/schools/byu/","http://www.sports-reference.com/cfb/players/khyiris-tonga-1.html","/players/T/TongKh00.htm","2021","2022",,,
"315",":picks","23","","","BYU","0","","","2021_251","","","","","","251","Chris Wilcox","DB","0","","","","7","","","","","","0","tam","Tampa Bay Buccaneers","https://www.pro-football-reference.com/schools/byu/","http://www.sports-reference.com/cfb/players/chris-wilcox-1.html","/players/W/WilcCh00.htm","2021","",,,
"316",":picks","23","0","0","Concordia-St.Paul (MN)","0","1","","2021_252","0","0","0","0","0","252","Chris Garrett","DE","0","0","0","0","7","0","0","0","","","0","ram","Los Angeles Rams","https://www.pro-football-reference.com/schools/concordia-stpaul/","","/players/G/GarrCh00.htm","2021","2021",,,
"317",":picks","24","0","0","Mississippi St.","0","1","","2021_253","0","0","0","0","0","253","Marquiss Spencer","DE","0","0","0","0","7","0","0","0","","","0","den","Denver Broncos","https://www.pro-football-reference.com/schools/mississippist/","http://www.sports-reference.com/cfb/players/marquiss-spencer-1.html","/players/S/SpenMa00.htm","2021","2021",,,
"318",":picks","22","1","1","Georgia Tech","0","24","","2021_254","0","0","0","0","0","254","Pressley Harvin III","P","0","0","0","0","7","0","0","0","","1","0","pit","Pittsburgh Steelers","https://www.pro-football-reference.com/schools/georgiatech/","http://www.sports-reference.com/cfb/players/pressley-harvin-iii-1.html","/players/H/HarvPr00.htm","2021","2022",,,
"319",":picks","23","0","0","South Alabama","0","2","","2021_255","0","0","0","0","0","255","Kawaan Baker","WR","0","0","0","0","7","0","0","0","","1","0","nor","New Orleans Saints","https://www.pro-football-reference.com/schools/soalabama/","http://www.sports-reference.com/cfb/players/kawaan-baker-1.html","/players/B/BakeKa00.htm","2021","2021",,,
"320",":picks","23","0","0","Mississippi St.","0","10","","2021_256","0","0","0","0","0","256","Kylin Hill","RB","0","1","0","5","7","11","0","31","","1","0","gnb","Green Bay Packers","https://www.pro-football-reference.com/schools/mississippist/","http://www.sports-reference.com/cfb/players/kylin-hill-1.html","/players/H/HillKy00.htm","2021","2022",,,
"321",":picks","21","1","1","Oregon St.","0","7","","2021_257","0","0","0","0","0","257","Jermar Jefferson","RB","0","4","0","23","7","15","2","74","","","0","det","Detroit Lions","https://www.pro-football-reference.com/schools/oregonst/","http://www.sports-reference.com/cfb/players/jermar-jefferson-1.html","/players/J/JeffJe00.htm","2021","2021",,,
"322",":picks","22","1","1","BYU","0","23","","2021_258","0","0","0","0","0","258","Dax Milne","WR","0","15","1","120","7","1","0","1","","","0","was","Washington Football Team","https://www.pro-football-reference.com/schools/byu/","http://www.sports-reference.com/cfb/players/dax-milne-1.html","/players/M/MilnDa00.htm","2021","2022",,,
"323",":picks","22","1","1","Houston","0","25","","2021_259","0","0","0","0","0","259","Grant Stuard","LB","0","0","0","0","7","0","0","0","","11","0","tam","Tampa Bay Buccaneers","https://www.pro-football-reference.com/schools/houston/","http://www.sports-reference.com/cfb/players/grant-stuard-1.html","/players/S/StuaGr00.htm","2021","2022",,,
