"_id","_labels","away_first_downs","away_pass_yds","away_record","away_result","away_rush_yds","away_score","away_tag","away_team","away_to","away_yds","date","day","game_code","home_first_downs","home_pass_yds","home_record","home_result","home_rush_yds","home_score","home_tag","home_team","home_to","home_yds","label","overtime","week","year","_start","_end","_type"
"321215",":games","13","160","0-1","L","45","10","crd","Arizona Cardinals","2","205","September 6","Sun","199809060dal","30","256","1-0","W","188","38","dal","Dallas Cowboys","3","444","1998_1_dal_crd","","1","1998",,,
"321216",":games","16","209","1-1","W","122","24","rav","Baltimore Ravens","1","331","September 13","Sun","199809130nyj","18","224","0-2","L","52","10","nyj","New York Jets","3","276","1998_2_nyj_rav","","2","1998",,,
"321217",":games","17","163","0-2","L","111","14","crd","Arizona Cardinals","4","274","September 13","Sun","199809130sea","16","121","2-0","W","123","33","sea","Seattle Seahawks","2","244","1998_2_sea_crd","","2","1998",,,
"321218",":games","19","230","1-0","W","93","19","atl","Atlanta Falcons","1","323","September 6","Sun","199809060car","16","263","0-1","L","54","14","car","Carolina Panthers","2","317","1998_1_car_atl","","1","1998",,,
"321219",":games","20","207","0-1","L","90","14","buf","Buffalo Bills","2","297","September 6","Sun","199809060sdg","14","187","1-0","W","67","16","sdg","San Diego Chargers","2","254","1998_1_sdg_buf","","1","1998",,,
"321220",":games","11","232","1-2","L","81","10","rav","Baltimore Ravens","1","313","September 20","Sun","199809200jax","21","365","3-0","W","154","24","jax","Jacksonville Jaguars","1","519","1998_3_jax_rav","","3","1998",,,
"321221",":games","19","190","0-2","L","130","12","chi","Chicago Bears","2","320","September 13","Sun","199809130pit","17","109","2-0","W","142","17","pit","Pittsburgh Steelers","1","251","1998_2_pit_chi","","2","1998",,,
"321222",":games","25","193","3-0","W","145","34","den","Denver Broncos","2","338","September 20","Sun","199809200rai","13","164","1-2","L","94","17","rai","Oakland Raiders","3","258","1998_3_rai_den","","3","1998",,,
"321223",":games","18","201","1-1","L","169","23","dal","Dallas Cowboys","","370","September 13","Sun","199809130den","21","306","2-0","W","209","42","den","Denver Broncos","","515","1998_2_den_dal","","2","1998",,,
"321224",":games","13","169","0-3","L","85","15","chi","Chicago Bears","2","254","September 20","Sun","199809200tam","20","144","1-2","W","220","27","tam","Tampa Bay Buccaneers","2","364","1998_3_tam_chi","","3","1998",,,
"321225",":games","19","222","2-1","L","147","20","atl","Atlanta Falcons","4","369","September 27","Sun","199809270sfo","23","377","3-0","W","161","31","sfo","San Francisco 49ers","2","538","1998_4_sfo_atl","","4","1998",,,
"321226",":games","20","238","0-2","L","137","14","car","Carolina Panthers","3","375","September 13","Sun","199809130nor","18","104","2-0","W","207","19","nor","New Orleans Saints","","311","1998_2_nor_car","","2","1998",,,
"321227",":games","12","77","0-2","L","110","7","buf","Buffalo Bills","1","187","September 13","Sun","199809130mia","12","143","2-0","W","116","13","mia","Miami Dolphins","","259","1998_2_mia_buf","","2","1998",,,
"321228",":games","18","284","1-1","W","100","34","cin","Cincinnati Bengals","","384","September 13","Sun","199809130det","22","188","0-2","L","224","28","det","Detroit Lions","2","412","1998_2_det_cin","OT","2","1998",,,
"321229",":games","22","203","2-2","W","78","20","crd","Arizona Cardinals","1","281","September 27","Sun","199809270ram","17","144","1-3","L","120","17","ram","St. Louis Rams","","264","1998_4_ram_crd","","4","1998",,,
"321230",":games","18","180","4-0","W","185","38","den","Denver Broncos","","365","September 27","Sun","199809270was","18","235","0-4","L","152","16","was","Washington Redskins","3","387","1998_4_was_den","","4","1998",,,
"321231",":games","11","224","2-1","W","78","31","dal","Dallas Cowboys","","302","September 21","Mon","199809210nyg","16","196","1-2","L","56","7","nyg","New York Giants","4","252","1998_3_nyg_dal","","3","1998",,,
"321232",":games","16","289","0-4","L","57","23","car","Carolina Panthers","6","346","October 4","Sun","199810040atl","18","193","3-1","W","130","51","atl","Atlanta Falcons","2","323","1998_5_atl_car","","5","1998",,,
"321233",":games","20","253","4-1","W","128","34","atl","Atlanta Falcons","2","381","October 11","Sun","199810110nyg","17","156","2-4","L","110","20","nyg","New York Giants","3","266","1998_6_nyg_atl","","6","1998",,,
"321234",":games","17","171","6-0","W","202","21","den","Denver Broncos","2","373","October 11","Sun","199810110sea","16","242","3-3","L","77","16","sea","Seattle Seahawks","1","319","1998_6_sea_den","","6","1998",,,
"321235",":games","16","267","0-5","L","37","20","car","Carolina Panthers","3","304","October 11","Sun","199810110dal","22","277","4-2","W","151","27","dal","Dallas Cowboys","2","428","1998_6_dal_car","","6","1998",,,
"321236",":games","21","163","3-2","W","224","31","dal","Dallas Cowboys","1","387","October 4","Sun","199810040was","14","164","0-5","L","92","10","was","Washington Redskins","1","256","1998_5_was_dal","","5","1998",,,
"321237",":games","19","143","1-3","L","132","24","cin","Cincinnati Bengals","","275","September 27","Sun","199809270rav","21","227","2-2","W","181","31","rav","Baltimore Ravens","1","408","1998_4_rav_cin","","4","1998",,,
"321238",":games","12","223","1-5","L","66","7","chi","Chicago Bears","8","289","October 11","Sun","199810110crd","21","150","3-3","W","138","20","crd","Arizona Cardinals","5","288","1998_6_crd_chi","","6","1998",,,
"321239",":games","16","134","2-4","L","96","6","rav","Baltimore Ravens","5","230","October 18","Sun","199810180pit","13","162","4-2","W","79","16","pit","Pittsburgh Steelers","2","241","1998_7_pit_rav","","7","1998",,,
"321240",":games","13","128","4-3","L","108","12","dal","Dallas Cowboys","1","236","October 18","Sun","199810180chi","18","220","2-5","W","79","13","chi","Chicago Bears","2","299","1998_7_chi_dal","","7","1998",,,
"321241",":games","20","202","8-0","W","150","33","den","Denver Broncos","1","352","November 1","Sun","199811010cin","25","245","2-6","L","127","26","cin","Cincinnati Bengals","1","372","1998_9_cin_den","","9","1998",,,
"321242",":games","24","205","2-3","W","176","31","buf","Buffalo Bills","","381","October 11","Sun","199810110clt","21","235","1-5","L","106","24","clt","Indianapolis Colts","2","341","1998_6_clt_buf","","6","1998",,,
"321243",":games","13","152","5-2","L","55","3","atl","Atlanta Falcons","3","207","October 25","Sun","199810250nyj","21","192","4-3","W","119","28","nyj","New York Jets","","311","1998_8_nyj_atl","","8","1998",,,
"321244",":games","17","223","0-6","L","67","13","car","Carolina Panthers","","290","October 18","Sun","199810180tam","21","213","3-3","W","136","16","tam","Tampa Bay Buccaneers","2","349","1998_7_tam_car","","7","1998",,,
"321245",":games","15","132","3-4","L","62","7","crd","Arizona Cardinals","3","194","October 18","Sun","199810180nyg","26","249","3-4","W","141","34","nyg","New York Giants","","390","1998_7_nyg_crd","","7","1998",,,
"321246",":games","20","138","3-5","W","148","23","chi","Chicago Bears","1","286","October 25","Sun","199810250oti","25","176","3-4","L","180","20","oti","Tennessee Oilers","4","356","1998_8_oti_chi","","8","1998",,,
"321247",":games","14","184","2-4","L","148","14","cin","Cincinnati Bengals","1","332","October 18","Sun","199810180oti","24","344","3-3","W","171","44","oti","Tennessee Oilers","","515","1998_7_oti_cin","","7","1998",,,
"321248",":games","11","177","2-5","L","56","10","rav","Baltimore Ravens","2","233","October 25","Sun","199810250gnb","20","252","5-2","W","76","28","gnb","Green Bay Packers","2","328","1998_8_gnb_rav","","8","1998",,,
"321249",":games","14","108","2-5","L","62","10","cin","Cincinnati Bengals","3","170","October 25","Sun","199810250rai","23","160","5-2","W","251","27","rai","Oakland Raiders","","411","1998_8_rai_cin","","8","1998",,,
"321250",":games","20","173","5-3","W","121","34","dal","Dallas Cowboys","","294","November 2","Mon","199811020phi","15","104","1-7","L","96","0","phi","Philadelphia Eagles","3","200","1998_9_phi_dal","","9","1998",,,
"321251",":games","18","282","4-3","W","144","30","buf","Buffalo Bills","1","426","October 25","Sun","199810250car","21","279","0-7","L","81","14","car","Carolina Panthers","3","360","1998_8_car_buf","","8","1998",,,
"321252",":games","11","172","4-4","W","37","17","crd","Arizona Cardinals","2","209","November 1","Sun","199811010det","18","167","2-6","L","113","15","det","Detroit Lions","6","280","1998_9_det_crd","","9","1998",,,
"321253",":games","22","249","7-2","W","117","41","atl","Atlanta Falcons","2","366","November 8","Sun","199811080nwe","15","205","5-4","L","18","10","nwe","New England Patriots","5","223","1998_10_nwe_atl","","10","1998",,,
"321254",":games","16","237","1-8","L","50","23","car","Carolina Panthers","2","287","November 8","Sun","199811080sfo","22","261","7-2","W","105","25","sfo","San Francisco 49ers","6","366","1998_10_sfo_car","","10","1998",,,
"321255",":games","19","200","2-7","L","118","11","cin","Cincinnati Bengals","2","318","November 8","Sun","199811080jax","14","135","7-2","W","137","24","jax","Jacksonville Jaguars","1","272","1998_10_jax_cin","","10","1998",,,
"321256",":games","11","134","5-4","L","48","12","buf","Buffalo Bills","2","182","November 8","Sun","199811080nyj","23","277","6-3","W","121","34","nyj","New York Jets","3","398","1998_10_nyj_buf","","10","1998",,,
"321257",":games","26","174","10-0","W","205","30","den","Denver Broncos","","379","November 16","Mon","199811160kan","15","190","4-6","L","31","7","kan","Kansas City Chiefs","1","221","1998_11_kan_den","","11","1998",,,
"321258",":games","15","91","2-8","L","103","3","cin","Cincinnati Bengals","2","194","November 15","Sun","199811150min","16","224","9-1","W","125","24","min","Minnesota Vikings","3","349","1998_11_min_cin","","11","1998",,,
"321259",":games","14","147","3-7","L","105","3","chi","Chicago Bears","","252","November 15","Sun","199811150det","24","246","3-7","W","145","26","det","Detroit Lions","","391","1998_11_det_chi","","11","1998",,,
"321260",":games","23","208","7-3","W","146","35","dal","Dallas Cowboys","","354","November 15","Sun","199811150crd","28","448","5-5","L","32","28","crd","Arizona Cardinals","2","480","1998_11_crd_dal","","11","1998",,,
"321261",":games","8","121","3-7","L","40","13","rav","Baltimore Ravens","2","161","November 15","Sun","199811150sdg","19","146","4-6","W","57","14","sdg","San Diego Chargers","1","203","1998_11_sdg_rav","","11","1998",,,
"321262",":games","20","170","10-2","W","204","21","atl","Atlanta Falcons","1","374","November 29","Sun","199811290ram","12","129","3-9","L","40","10","ram","St. Louis Rams","","169","1998_13_ram_atl","","13","1998",,,
"321263",":games","10","104","3-8","L","106","13","chi","Chicago Bears","3","210","November 22","Sun","199811220atl","21","263","9-2","W","95","20","atl","Atlanta Falcons","2","358","1998_12_atl_chi","","12","1998",,,
"321264",":games","23","329","7-5","L","99","21","buf","Buffalo Bills","","428","November 29","Sun","199811290nwe","24","215","7-5","W","44","25","nwe","New England Patriots","1","259","1998_13_nwe_buf","","13","1998",,,
"321265",":games","17","184","2-9","W","73","24","car","Carolina Panthers","1","257","November 22","Sun","199811220ram","17","239","3-8","L","42","20","ram","St. Louis Rams","2","281","1998_12_ram_car","","12","1998",,,
"321266",":games","18","226","12-0","W","96","31","den","Denver Broncos","4","322","November 29","Sun","199811290sdg","21","302","5-7","L","65","16","sdg","San Diego Chargers","6","367","1998_13_sdg_den","","13","1998",,,
"321267",":games","25","248","6-5","W","188","45","crd","Arizona Cardinals","1","436","November 22","Sun","199811220was","31","353","2-9","L","68","42","was","Washington Redskins","2","421","1998_12_was_crd","","12","1998",,,
"321268",":games","15","134","2-10","L","82","21","car","Carolina Panthers","1","216","November 29","Sun","199811290nyj","21","255","8-4","W","201","48","nyj","New York Jets","","456","1998_13_nyj_car","","13","1998",,,
"321269",":games","18","91","4-7","W","247","20","rav","Baltimore Ravens","2","338","November 22","Sun","199811220cin","16","184","2-9","L","58","13","cin","Cincinnati Bengals","2","242","1998_12_cin_rav","","12","1998",,,
"321270",":games","22","214","6-6","L","124","24","crd","Arizona Cardinals","2","338","November 29","Sun","199811290kan","20","248","5-7","W","128","34","kan","Kansas City Chiefs","1","376","1998_13_kan_crd","","13","1998",,,
"321271",":games","21","159","13-1","L","170","16","den","Denver Broncos","1","329","December 13","Sun","199812130nyg","18","254","6-8","W","138","20","nyg","New York Giants","2","392","1998_15_nyg_den","","15","1998",,,
"321272",":games","21","309","8-5","W","139","33","buf","Buffalo Bills","3","448","December 6","Sun","199812060cin","15","176","2-11","L","58","20","cin","Cincinnati Bengals","1","234","1998_14_cin_buf","","14","1998",,,
"321273",":games","25","322","12-2","W","182","27","atl","Atlanta Falcons","3","504","December 13","Sun","199812130nor","15","164","6-8","L","52","17","nor","New Orleans Saints","4","216","1998_15_nor_atl","","15","1998",,,
"321274",":games","19","272","3-10","L","67","22","chi","Chicago Bears","2","339","December 6","Sun","199812060min","23","349","12-1","W","109","48","min","Minnesota Vikings","1","458","1998_14_min_chi","","14","1998",,,
"321275",":games","22","223","2-12","L","155","26","cin","Cincinnati Bengals","","378","December 13","Sun","199812130clt","21","210","3-11","W","128","39","clt","Indianapolis Colts","","338","1998_15_clt_cin","","15","1998",,,
"321276",":games","14","161","13-2","L","58","21","den","Denver Broncos","2","219","December 21","Mon","199812210mia","19","355","10-5","W","36","31","mia","Miami Dolphins","2","391","1998_16_mia_den","","16","1998",,,
"321277",":games","10","174","8-5","L","8","3","dal","Dallas Cowboys","","182","December 6","Sun","199812060nor","17","215","6-7","W","113","22","nor","New Orleans Saints","2","328","1998_14_nor_dal","","14","1998",,,
"321278",":games","20","123","13-2","W","145","24","atl","Atlanta Falcons","","268","December 20","Sun","199812200det","17","141","5-10","L","117","17","det","Detroit Lions","3","258","1998_16_det_atl","","16","1998",,,
"321279",":games","23","359","3-12","W","124","25","cin","Cincinnati Bengals","2","483","December 20","Sun","199812200pit","11","86","7-8","L","125","24","pit","Pittsburgh Steelers","2","211","1998_16_pit_cin","","16","1998",,,
"321280",":games","12","98","3-11","L","94","20","chi","Chicago Bears","","192","December 13","Sun","199812130gnb","24","274","9-5","W","119","26","gnb","Green Bay Packers","2","393","1998_15_gnb_chi","","15","1998",,,
"321281",":games","14","196","8-6","L","51","17","dal","Dallas Cowboys","2","247","December 13","Sun","199812130kan","23","200","6-8","W","183","20","kan","Kansas City Chiefs","","383","1998_15_kan_dal","","15","1998",,,
"321282",":games","21","192","10-6","W","116","45","buf","Buffalo Bills","","308","December 27","Sun","199812270nor","26","291","6-10","L","75","33","nor","New Orleans Saints","3","366","1998_17_nor_buf","","17","1998",,,
"321283",":games","17","149","4-12","W","183","27","car","Carolina Panthers","2","332","December 27","Sun","199812270clt","12","207","3-13","L","72","19","clt","Indianapolis Colts","2","279","1998_17_clt_car","","17","1998",,,
"321284",":games","10","163","5-8","L","58","14","rav","Baltimore Ravens","1","221","December 6","Sun","199812060oti","19","213","7-6","W","78","16","oti","Tennessee Oilers","1","291","1998_14_oti_rav","","14","1998",,,
"321285",":games","25","220","7-7","W","204","20","crd","Arizona Cardinals","2","424","December 13","Sun","199812130phi","21","219","3-11","L","148","17","phi","Philadelphia Eagles","1","367","1998_15_phi_crd","OT","15","1998",,,
"321286",":games","23","339","10-7","L","77","17","buf","Buffalo Bills","5","416","January 2","Sat","199901020mia","25","228","11-6","W","117","24","mia","Miami Dolphins","1","345","1998_Wild Card_mia_buf","","Wild Card","1998",,,
"321287",":games","12","154","5-10","L","24","3","rav","Baltimore Ravens","1","178","December 20","Sun","199812200chi","20","202","4-11","W","189","24","chi","Chicago Bears","","391","1998_16_chi_rav","","16","1998",,,
"321288",":games","25","317","16-2","W","110","30","atl","Atlanta Falcons","2","427","January 17","Sun","199901170min","26","254","16-2","L","102","27","min","Minnesota Vikings","2","356","1998_Conf. Champ._min_atl","OT","Conf. Champ.","1998",,,
"321290",":games","21","206","16-3","L","131","19","atl","Atlanta Falcons","4","337","January 31","Sun","199901310atl","22","336","17-2","W","121","34","den","Denver Broncos","1","457","1998_SuperBowl_den_atl","","SuperBowl","1998",,,
"321291",":games","14","213","10-7","W","133","20","crd","Arizona Cardinals","2","346","January 2","Sat","199901020dal","20","164","10-7","L","96","7","dal","Dallas Cowboys","3","260","1998_Wild Card_dal_crd","","Wild Card","1998",,,
"321292",":games","23","242","10-8","L","74","21","crd","Arizona Cardinals","3","316","January 10","Sun","199901100min","26","228","16-1","W","188","41","min","Minnesota Vikings","1","416","1998_Division_min_crd","","Division","1998",,,
"321293",":games","20","236","0-1","L","85","19","det","Detroit Lions","2","321","September 6","Sun","199809060gnb","21","267","1-0","W","75","38","gnb","Green Bay Packers","","342","1998_1_gnb_det","","1","1998",,,
"321294",":games","18","212","0-1","L","52","8","rai","Oakland Raiders","5","264","September 6","Sun","199809060kan","18","157","1-0","W","143","28","kan","Kansas City Chiefs","","300","1998_1_kan_rai","","1","1998",,,
"321295",":games","21","207","1-0","W","160","24","jax","Jacksonville Jaguars","3","367","September 6","Sun","199809060chi","16","189","0-1","L","132","23","chi","Chicago Bears","2","321","1998_1_chi_jax","","1","1998",,,
"321296",":games","20","173","0-2","L","136","6","clt","Indianapolis Colts","4","309","September 13","Sun","199809130nwe","15","218","1-1","W","103","29","nwe","New England Patriots","","321","1998_2_nwe_clt","","2","1998",,,
"321297",":games","15","135","1-0","W","137","24","mia","Miami Dolphins","1","272","September 6","Sun","199809060clt","24","273","0-1","L","64","15","clt","Indianapolis Colts","4","337","1998_1_clt_mia","","1","1998",,,
"321298",":games","18","179","2-0","W","141","13","sdg","San Diego Chargers","","320","September 13","Sun","199809130oti","18","187","1-1","L","63","7","oti","Tennessee Oilers","","250","1998_2_oti_sdg","","2","1998",,,
"321299",":games","21","225","1-2","W","181","34","ram","St. Louis Rams","4","406","September 20","Sun","199809200buf","23","192","0-3","L","215","33","buf","Buffalo Bills","2","407","1998_3_buf_ram","","3","1998",,,
"321300",":games","23","253","1-1","L","111","16","kan","Kansas City Chiefs","2","364","September 13","Sun","199809130jax","19","111","2-0","W","145","21","jax","Jacksonville Jaguars","","256","1998_2_jax_kan","","2","1998",,,
"321301",":games","21","190","0-3","L","120","6","clt","Indianapolis Colts","2","310","September 20","Sun","199809200nyj","28","203","1-2","W","302","44","nyj","New York Jets","2","505","1998_3_nyj_clt","","3","1998",,,
"321302",":games","19","149","4-0","W","148","27","jax","Jacksonville Jaguars","3","297","September 27","Sun","199809270oti","15","179","1-3","L","40","22","oti","Tennessee Oilers","3","219","1998_4_oti_jax","","4","1998",,,
"321303",":games","22","242","3-0","W","86","13","gnb","Green Bay Packers","3","328","September 20","Sun","199809200cin","7","132","1-2","L","28","6","cin","Cincinnati Bengals","","160","1998_3_cin_gnb","","3","1998",,,
"321304",":games","19","142","0-3","L","137","6","det","Detroit Lions","4","279","September 20","Sun","199809200min","17","211","3-0","W","76","29","min","Minnesota Vikings","","287","1998_3_min_det","","3","1998",,,
"321305",":games","6","-19","2-1","L","171","7","sdg","San Diego Chargers","6","152","September 20","Sun","199809200kan","16","129","2-1","W","122","23","kan","Kansas City Chiefs","1","251","1998_3_kan_sdg","","3","1998",,,
"321306",":games","26","378","4-0","W","109","37","gnb","Green Bay Packers","4","487","September 27","Sun","199809270car","13","170","0-3","L","60","30","car","Carolina Panthers","1","230","1998_4_car_gnb","","4","1998",,,
"321307",":games","13","159","2-2","W","129","13","rai","Oakland Raiders","","288","September 27","Sun","199809270dal","16","207","2-2","L","68","12","dal","Dallas Cowboys","3","275","1998_4_dal_rai","","4","1998",,,
"321308",":games","17","143","2-3","L","152","12","sdg","San Diego Chargers","3","295","October 4","Sun","199810040clt","11","137","1-4","W","55","17","clt","Indianapolis Colts","1","192","1998_5_clt_sdg","","5","1998",,,
"321309",":games","11","119","3-1","L","34","9","mia","Miami Dolphins","3","153","October 4","Sun","199810040nyj","22","172","2-2","W","117","20","nyj","New York Jets","1","289","1998_5_nyj_mia","","5","1998",,,
"321310",":games","15","128","2-4","L","76","0","ram","St. Louis Rams","2","204","October 18","Sun","199810180mia","16","104","4-2","W","141","14","mia","Miami Dolphins","1","245","1998_7_mia_ram","","7","1998",,,
"321311",":games","24","262","3-1","W","131","24","kan","Kansas City Chiefs","","393","September 27","Sun","199809270phi","24","250","0-4","L","111","21","phi","Philadelphia Eagles","1","361","1998_4_phi_kan","","4","1998",,,
"321312",":games","15","246","1-4","L","94","27","det","Detroit Lions","","340","October 4","Sun","199810040chi","23","280","1-4","W","125","31","chi","Chicago Bears","5","405","1998_5_chi_det","","5","1998",,,
"321313",":games","14","110","3-2","W","112","23","rai","Oakland Raiders","3","222","October 4","Sun","199810040crd","16","187","2-3","L","49","20","crd","Arizona Cardinals","4","236","1998_5_crd_rai","","5","1998",,,
"321314",":games","25","307","3-2","L","67","21","mia","Miami Dolphins","2","374","October 12","Mon","199810120jax","12","199","5-0","W","186","28","jax","Jacksonville Jaguars","1","385","1998_6_jax_mia","","6","1998",,,
"321315",":games","23","275","4-2","L","93","20","gnb","Green Bay Packers","3","368","October 15","Thu","199810150det","16","199","2-4","W","186","27","det","Detroit Lions","1","385","1998_7_det_gnb","","7","1998",,,
"321316",":games","16","104","5-1","L","134","16","jax","Jacksonville Jaguars","","238","October 18","Sun","199810180buf","22","227","3-3","W","110","17","buf","Buffalo Bills","1","337","1998_7_buf_jax","","7","1998",,,
"321317",":games","16","207","2-6","L","40","15","ram","St. Louis Rams","1","247","November 1","Sun","199811010atl","25","235","6-2","W","199","37","atl","Atlanta Falcons","1","434","1998_9_atl_ram","","9","1998",,,
"321318",":games","9","78","2-4","L","117","6","sdg","San Diego Chargers","4","195","October 11","Sun","199810110rai","6","141","4-2","W","18","7","rai","Oakland Raiders","1","159","1998_6_rai_sdg","","6","1998",,,
"321319",":games","24","282","5-2","L","66","24","jax","Jacksonville Jaguars","1","348","October 25","Sun","199810250den","24","295","7-0","W","170","37","den","Denver Broncos","","465","1998_8_den_jax","","8","1998",,,
"321320",":games","20","202","3-6","W","64","20","ram","St. Louis Rams","1","266","November 8","Sun","199811080chi","15","122","3-6","L","129","12","chi","Chicago Bears","1","251","1998_10_chi_ram","","10","1998",,,
"321321",":games","20","253","6-2","W","111","45","jax","Jacksonville Jaguars","1","364","November 1","Sun","199811010rav","22","231","2-6","L","126","19","rav","Baltimore Ravens","5","357","1998_9_rav_jax","","9","1998",,,
"321322",":games","15","231","1-6","L","105","31","clt","Indianapolis Colts","","336","October 18","Sun","199810180sfo","36","321","5-1","W","127","34","sfo","San Francisco 49ers","2","448","1998_7_sfo_clt","","7","1998",,,
"321323",":games","9","120","4-2","L","14","10","kan","Kansas City Chiefs","2","134","October 11","Sun","199810110nwe","31","232","4-1","W","206","40","nwe","New England Patriots","1","438","1998_6_nwe_kan","","6","1998",,,
"321324",":games","17","217","6-3","L","39","20","gnb","Green Bay Packers","1","256","November 9","Mon","199811090pit","19","218","6-3","W","142","27","pit","Pittsburgh Steelers","1","360","1998_10_pit_gnb","","10","1998",,,
"321325",":games","17","179","3-7","L","55","3","ram","St. Louis Rams","3","234","November 15","Sun","199811150nor","13","135","5-5","W","102","24","nor","New Orleans Saints","","237","1998_11_nor_ram","","11","1998",,,
"321326",":games","15","168","5-3","L","128","24","mia","Miami Dolphins","1","296","November 1","Sun","199811010buf","16","197","5-3","W","116","30","buf","Buffalo Bills","2","313","1998_9_buf_mia","","9","1998",,,
"321327",":games","21","140","1-8","L","114","14","clt","Indianapolis Colts","2","254","November 8","Sun","199811080mia","20","207","6-3","W","152","27","mia","Miami Dolphins","2","359","1998_10_mia_clt","","10","1998",,,
"321328",":games","14","220","6-2","W","73","31","rai","Oakland Raiders","1","293","November 1","Sun","199811010sea","22","253","4-4","L","80","18","sea","Seattle Seahawks","5","333","1998_9_sea_rai","","9","1998",,,
"321329",":games","24","264","7-3","W","169","37","gnb","Green Bay Packers","","433","November 15","Sun","199811150nyg","9","62","3-7","L","65","3","nyg","New York Giants","3","127","1998_11_nyg_gnb","","11","1998",,,
"321330",":games","24","260","4-5","L","97","12","kan","Kansas City Chiefs","4","357","November 8","Sun","199811080sea","16","94","5-4","W","108","24","sea","Seattle Seahawks","2","202","1998_10_sea_kan","","10","1998",,,
"321331",":games","13","136","3-6","L","77","10","sdg","San Diego Chargers","3","213","November 8","Sun","199811080den","19","217","9-0","W","72","27","den","Denver Broncos","1","289","1998_10_den_sdg","","10","1998",,,
"321332",":games","22","277","7-4","L","53","14","gnb","Green Bay Packers","3","330","November 22","Sun","199811220min","15","248","10-1","W","92","28","min","Minnesota Vikings","1","340","1998_12_min_gnb","","12","1998",,,
"321333",":games","20","245","6-3","L","111","10","rai","Oakland Raiders","3","356","November 8","Sun","199811080rav","15","87","3-6","W","126","13","rav","Baltimore Ravens","1","213","1998_10_rav_rai","","10","1998",,,
"321334",":games","14","164","2-9","L","86","11","clt","Indianapolis Colts","3","250","November 22","Sun","199811220buf","25","215","7-4","W","187","34","buf","Buffalo Bills","1","402","1998_12_buf_clt","","12","1998",,,
"321335",":games","17","204","8-3","L","97","15","jax","Jacksonville Jaguars","4","301","November 22","Sun","199811220pit","18","208","7-4","W","121","30","pit","Pittsburgh Steelers","","329","1998_12_pit_jax","","12","1998",,,
"321336",":games","9","111","2-7","L","146","9","det","Detroit Lions","","257","November 8","Sun","199811080phi","16","73","2-7","W","216","10","phi","Philadelphia Eagles","","289","1998_10_phi_det","","10","1998",,,
"321337",":games","17","248","3-10","L","82","14","ram","St. Louis Rams","1","330","December 3","Thu","199812030phi","16","169","3-10","W","130","17","phi","Philadelphia Eagles","1","299","1998_14_phi_ram","","14","1998",,,
"321338",":games","16","243","9-3","W","79","34","jax","Jacksonville Jaguars","","322","November 29","Sun","199811290cin","20","224","2-10","L","131","17","cin","Cincinnati Bengals","4","355","1998_13_cin_jax","","13","1998",,,
"321339",":games","15","131","7-3","W","184","13","mia","Miami Dolphins","1","315","November 15","Sun","199811150car","12","148","1-9","L","62","9","car","Carolina Panthers","2","210","1998_11_car_mia","","11","1998",,,
"321340",":games","26","344","2-10","L","196","31","clt","Indianapolis Colts","1","540","November 29","Sun","199811290rav","18","198","5-7","W","116","38","rav","Baltimore Ravens","","314","1998_13_rav_clt","","13","1998",,,
"321341",":games","15","245","7-4","L","49","14","rai","Oakland Raiders","3","294","November 22","Sun","199811220den","28","201","11-0","W","196","40","den","Denver Broncos","1","397","1998_12_den_rai","","12","1998",,,
"321342",":games","17","159","2-11","L","85","21","clt","Indianapolis Colts","3","244","December 6","Sun","199812060atl","27","257","11-2","W","137","28","atl","Atlanta Falcons","2","394","1998_14_atl_clt","","14","1998",,,
"321343",":games","23","228","8-5","L","105","22","gnb","Green Bay Packers","2","333","December 7","Mon","199812070tam","12","178","6-7","W","105","24","tam","Tampa Bay Buccaneers","1","283","1998_14_tam_gnb","","14","1998",,,
"321344",":games","17","289","7-4","L","33","23","mia","Miami Dolphins","1","322","November 23","Mon","199811230nwe","21","414","6-5","W","41","26","nwe","New England Patriots","2","455","1998_12_nwe_mia","","12","1998",,,
"321345",":games","16","151","4-11","L","110","13","ram","St. Louis Rams","4","261","December 20","Sun","199812200car","11","164","3-12","W","82","20","car","Carolina Panthers","1","246","1998_16_car_ram","","16","1998",,,
"321346",":games","21","297","4-7","L","69","37","kan","Kansas City Chiefs","2","366","November 22","Sun","199811220sdg","25","271","5-6","W","95","38","sdg","San Diego Chargers","3","366","1998_12_sdg_kan","","12","1998",,,
"321347",":games","17","264","4-12","L","57","19","ram","St. Louis Rams","1","321","December 27","Sun","199812270sfo","22","277","12-4","W","120","38","sfo","San Francisco 49ers","","397","1998_17_sfo_ram","","17","1998",,,
"321348",":games","18","330","3-12","L","32","23","clt","Indianapolis Colts","2","362","December 20","Sun","199812200sea","23","150","8-7","W","226","27","sea","Seattle Seahawks","","376","1998_16_sea_clt","","16","1998",,,
"321349",":games","20","222","5-8","L","44","31","kan","Kansas City Chiefs","1","266","December 6","Sun","199812060den","23","383","13-0","W","93","35","den","Denver Broncos","3","476","1998_14_den_kan","","14","1998",,,
"321350",":games","14","169","11-5","W","70","16","gnb","Green Bay Packers","3","239","December 27","Sun","199812270chi","17","183","4-12","L","98","13","chi","Chicago Bears","3","281","1998_17_chi_gnb","","17","1998",,,
"321351",":games","15","69","10-5","L","138","10","jax","Jacksonville Jaguars","4","207","December 20","Sun","199812200min","25","237","14-1","W","180","50","min","Minnesota Vikings","","417","1998_16_min_jax","","16","1998",,,
"321352",":games","19","188","4-7","W","112","28","det","Detroit Lions","","300","November 22","Sun","199811220tam","22","283","4-7","L","145","25","tam","Tampa Bay Buccaneers","2","428","1998_12_tam_det","","12","1998",,,
"321353",":games","9","170","9-4","W","90","27","mia","Miami Dolphins","1","260","December 6","Sun","199812060rai","20","207","7-6","L","107","17","rai","Oakland Raiders","7","314","1998_14_rai_mia","","14","1998",,,
"321354",":games","24","282","11-6","L","121","27","gnb","Green Bay Packers","4","403","January 3","Sun","199901030sfo","20","169","13-4","W","178","30","sfo","San Francisco 49ers","3","347","1998_Wild Card_sfo_gnb","","Wild Card","1998",,,
"321355",":games","13","87","7-7","L","91","21","rai","Oakland Raiders","4","178","December 13","Sun","199812130buf","18","182","9-5","W","134","44","buf","Buffalo Bills","","316","1998_15_buf_rai","","15","1998",,,
"321356",":games","21","217","5-8","L","127","20","sdg","San Diego Chargers","2","344","December 6","Sun","199812060was","17","212","4-9","W","66","24","was","Washington Redskins","2","278","1998_14_was_sdg","","14","1998",,,
"321357",":games","15","218","6-9","L","61","7","kan","Kansas City Chiefs","4","279","December 20","Sun","199812200nyg","25","149","7-8","W","160","28","nyg","New York Giants","","309","1998_16_nyg_kan","","16","1998",,,
"321358",":games","14","167","8-7","W","120","17","rai","Oakland Raiders","3","287","December 20","Sun","199812200sdg","16","236","5-10","L","79","10","sdg","San Diego Chargers","3","315","1998_16_sdg_rai","","16","1998",,,
"321359",":games","20","254","7-9","W","119","31","kan","Kansas City Chiefs","3","373","December 26","Sat","199812260rai","25","281","8-8","L","40","24","rai","Oakland Raiders","2","321","1998_17_rai_kan","","17","1998",,,
"321360",":games","16","211","5-9","L","66","17","sdg","San Diego Chargers","8","277","December 13","Sun","199812130sea","18","130","7-7","W","108","38","sea","Seattle Seahawks","3","238","1998_15_sea_sdg","","15","1998",,,
"321361",":games","14","156","12-6","L","95","24","jax","Jacksonville Jaguars","4","251","January 10","Sun","199901100nyj","29","278","13-4","W","151","34","nyj","New York Jets","3","429","1998_Division_nyj_jax","","Division","1998",,,
"321362",":games","20","362","10-6","L","38","16","mia","Miami Dolphins","6","400","December 27","Sun","199812270atl","15","203","14-2","W","143","38","atl","Atlanta Falcons","","346","1998_17_atl_mia","","17","1998",,,
"321363",":games","16","212","5-8","L","120","22","det","Detroit Lions","","332","December 6","Sun","199812060jax","24","221","10-3","W","205","37","jax","Jacksonville Jaguars","","426","1998_14_jax_det","","14","1998",,,
"321364",":games","25","311","5-9","L","69","13","det","Detroit Lions","2","380","December 14","Mon","199812140sfo","29","81","11-3","W","328","35","sfo","San Francisco 49ers","1","409","1998_15_sfo_det","","15","1998",,,
"321365",":games","14","238","11-7","L","14","3","mia","Miami Dolphins","3","252","January 9","Sat","199901090den","24","174","15-2","W","250","38","den","Denver Broncos","","424","1998_Division_den_mia","","Division","1998",,,
"321366",":games","22","203","5-11","L","174","13","sdg","San Diego Chargers","5","377","December 27","Sun","199812270crd","16","245","9-7","W","25","16","crd","Arizona Cardinals","","270","1998_17_crd_sdg","","17","1998",,,
"321367",":games","11","192","5-11","L","44","10","det","Detroit Lions","1","236","December 27","Sun","199812270rav","19","142","6-10","W","153","19","rav","Baltimore Ravens","1","295","1998_17_rav_det","","17","1998",,,
"321368",":games","14","157","1-0","W","114","20","pit","Pittsburgh Steelers","3","271","September 6","Sun","199809060rav","17","264","0-1","L","112","13","rav","Baltimore Ravens","","376","1998_1_rav_pit","","1","1998",,,
"321369",":games","15","197","1-0","W","35","24","nor","New Orleans Saints","1","232","September 6","Sun","199809060ram","23","267","0-1","L","47","17","ram","St. Louis Rams","2","314","1998_1_ram_nor","","1","1998",,,
"321370",":games","18","218","1-0","W","188","38","sea","Seattle Seahawks","","406","September 6","Sun","199809060phi","14","12","0-1","L","162","0","phi","Philadelphia Eagles","3","174","1998_1_phi_sea","","1","1998",,,
"321371",":games","17","258","0-1","L","81","21","nwe","New England Patriots","","339","September 7","Mon","199809070den","20","248","1-0","W","91","27","den","Denver Broncos","","339","1998_1_den_nwe","","1","1998",,,
"321372",":games","17","251","0-1","L","68","7","tam","Tampa Bay Buccaneers","2","319","September 6","Sun","199809060min","19","181","1-0","W","117","31","min","Minnesota Vikings","1","298","1998_1_min_tam","","1","1998",,,
"321373",":games","15","162","1-1","L","71","17","nyg","New York Giants","1","233","September 13","Sun","199809130rai","21","252","1-1","W","162","20","rai","Oakland Raiders","1","414","1998_2_rai_nyg","","2","1998",,,
"321374",":games","28","294","2-0","W","210","45","sfo","San Francisco 49ers","","504","September 14","Mon","199809140was","17","182","0-2","L","140","10","was","Washington Redskins","3","322","1998_2_was_sfo","","2","1998",,,
"321375",":games","23","227","2-0","W","194","38","min","Minnesota Vikings","3","421","September 13","Sun","199809130ram","22","275","0-2","L","135","31","ram","St. Louis Rams","4","410","1998_2_ram_min","","2","1998",,,
"321376",":games","25","406","0-1","L","59","30","nyj","New York Jets","1","465","September 6","Sun","199809060sfo","26","350","1-0","W","207","36","sfo","San Francisco 49ers","1","557","1998_1_sfo_nyj","OT","1","1998",,,
"321377",":games","13","78","2-1","L","122","0","pit","Pittsburgh Steelers","3","200","September 20","Sun","199809200mia","11","109","3-0","W","110","21","mia","Miami Dolphins","1","219","1998_3_mia_pit","","3","1998",,,
"321378",":games","14","137","3-0","W","183","19","nor","New Orleans Saints","1","320","September 27","Sun","199809270clt","16","292","0-4","L","65","13","clt","Indianapolis Colts","3","357","1998_4_clt_nor","OT","4","1998",,,
"321379",":games","14","169","3-1","L","61","10","sea","Seattle Seahawks","4","230","September 27","Sun","199809270pit","16","100","3-1","W","185","13","pit","Pittsburgh Steelers","","285","1998_4_pit_sea","","4","1998",,,
"321380",":games","17","161","0-2","L","50","15","tam","Tampa Bay Buccaneers","4","211","September 13","Sun","199809130gnb","15","223","2-0","W","37","23","gnb","Green Bay Packers","2","260","1998_2_gnb_tam","","2","1998",,,
"321381",":games","19","221","0-2","L","63","12","phi","Philadelphia Eagles","","284","September 13","Sun","199809130atl","17","167","2-0","W","78","17","atl","Atlanta Falcons","","245","1998_2_atl_phi","","2","1998",,,
"321382",":games","20","291","3-1","W","97","30","nwe","New England Patriots","4","388","October 4","Sun","199810040nor","19","237","3-1","L","39","27","nor","New Orleans Saints","2","276","1998_5_nor_nwe","","5","1998",,,
"321383",":games","10","94","3-2","L","73","6","sea","Seattle Seahawks","4","167","October 4","Sun","199810040kan","12","120","4-1","W","131","17","kan","Kansas City Chiefs","5","251","1998_5_kan_sea","","5","1998",,,
"321384",":games","17","258","4-0","W","93","31","min","Minnesota Vikings","","351","September 27","Sun","199809270chi","23","361","0-4","L","91","28","chi","Chicago Bears","1","452","1998_4_chi_min","","4","1998",,,
"321385",":games","20","226","0-3","L","91","3","phi","Philadelphia Eagles","3","317","September 20","Sun","199809200crd","16","129","1-2","W","153","17","crd","Arizona Cardinals","1","282","1998_3_crd_phi","","3","1998",,,
"321386",":games","23","312","3-1","L","65","21","sfo","San Francisco 49ers","4","377","October 4","Sun","199810040buf","21","237","1-3","W","115","26","buf","Buffalo Bills","","352","1998_5_buf_sfo","","5","1998",,,
"321387",":games","19","208","2-2","W","105","34","nyg","New York Giants","1","313","September 27","Sun","199809270sdg","17","266","2-2","L","89","16","sdg","San Diego Chargers","4","355","1998_4_sdg_nyg","","4","1998",,,
"321388",":games","22","442","5-0","W","103","37","min","Minnesota Vikings","1","545","October 5","Mon","199810050gnb","21","204","4-1","L","102","24","gnb","Green Bay Packers","3","306","1998_5_gnb_min","","5","1998",,,
"321389",":games","15","255","3-3","L","67","23","nor","New Orleans Saints","4","322","October 18","Sun","199810180atl","19","163","5-1","W","134","31","atl","Atlanta Falcons","","297","1998_7_atl_nor","","7","1998",,,
"321390",":games","14","123","2-3","L","54","10","nyj","New York Jets","5","177","October 11","Sun","199810110ram","18","178","2-3","W","141","30","ram","St. Louis Rams","1","319","1998_6_ram_nyj","","6","1998",,,
"321391",":games","6","78","1-3","L","55","6","tam","Tampa Bay Buccaneers","2","133","September 28","Mon","199809280det","17","124","1-3","W","156","27","det","Detroit Lions","1","280","1998_4_det_tam","","4","1998",,,
"321392",":games","20","129","3-2","L","257","20","pit","Pittsburgh Steelers","1","386","October 11","Sun","199810110cin","17","281","2-3","W","108","25","cin","Cincinnati Bengals","","389","1998_6_cin_pit","","6","1998",,,
"321393",":games","25","271","3-3","W","121","24","nyj","New York Jets","","392","October 19","Mon","199810190nwe","19","181","4-2","L","110","14","nwe","New England Patriots","1","291","1998_7_nwe_nyj","","7","1998",,,
"321394",":games","30","319","4-1","W","140","31","sfo","San Francisco 49ers","","459","October 11","Sun","199810110nor","10","135","3-2","L","32","0","nor","New Orleans Saints","1","167","1998_6_nor_sfo","","6","1998",,,
"321395",":games","8","71","2-3","L","64","3","nyg","New York Giants","3","135","October 4","Sun","199810040tam","16","60","2-3","W","174","20","tam","Tampa Bay Buccaneers","2","234","1998_5_tam_nyg","","5","1998",,,
"321396",":games","23","170","7-0","W","159","34","min","Minnesota Vikings","3","329","October 25","Sun","199810250det","17","214","2-5","L","137","13","det","Detroit Lions","1","351","1998_8_det_min","","8","1998",,,
"321397",":games","12","100","0-5","L","57","16","phi","Philadelphia Eagles","2","157","October 4","Sun","199810040den","22","192","5-0","W","231","41","den","Denver Broncos","2","423","1998_5_den_phi","","5","1998",,,
"321398",":games","14","234","4-3","W","40","27","sea","Seattle Seahawks","","274","October 25","Sun","199810250sdg","27","280","3-5","L","111","20","sdg","San Diego Chargers","","391","1998_8_sdg_sea","","8","1998",,,
"321399",":games","13","225","4-3","L","26","9","nwe","New England Patriots","1","251","October 25","Sun","199810250mia","18","263","5-2","W","70","12","mia","Miami Dolphins","3","333","1998_8_mia_nwe","OT","8","1998",,,
"321400",":games","18","270","7-1","L","70","24","min","Minnesota Vikings","1","340","November 1","Sun","199811010tam","22","132","4-4","W","246","27","tam","Tampa Bay Buccaneers","","378","1998_9_tam_min","","9","1998",,,
"321401",":games","20","293","5-3","W","77","21","nwe","New England Patriots","1","370","November 1","Sun","199811010clt","18","278","1-7","L","32","16","clt","Indianapolis Colts","2","310","1998_9_clt_nwe","","9","1998",,,
"321402",":games","16","210","6-1","W","93","28","sfo","San Francisco 49ers","2","303","October 25","Sun","199810250ram","15","89","2-5","L","79","10","ram","St. Louis Rams","4","168","1998_8_ram_sfo","","8","1998",,,
"321403",":games","21","210","1-6","L","51","10","phi","Philadelphia Eagles","4","261","October 18","Sun","199810180sdg","11","28","3-4","W","140","13","sdg","San Diego Chargers","1","168","1998_7_sdg_phi","","7","1998",,,
"321404",":games","21","301","4-4","L","53","17","nor","New Orleans Saints","4","354","November 1","Sun","199811010car","16","110","1-7","W","106","31","car","Carolina Panthers","2","216","1998_9_car_nor","","9","1998",,,
"321405",":games","19","132","6-2","L","134","22","sfo","San Francisco 49ers","2","266","November 1","Sun","199811010gnb","15","274","6-2","W","98","36","gnb","Green Bay Packers","3","372","1998_9_gnb_sfo","","9","1998",,,
"321406",":games","17","253","5-3","W","53","20","nyj","New York Jets","1","306","November 1","Sun","199811010kan","13","112","4-4","L","92","17","kan","Kansas City Chiefs","3","204","1998_9_kan_nyj","","9","1998",,,
"321407",":games","10","143","3-5","L","86","14","nyg","New York Giants","","229","November 1","Sun","199811010was","21","196","1-7","W","124","21","was","Washington Redskins","","320","1998_9_was_nyg","","9","1998",,,
"321408",":games","20","90","5-2","W","182","20","pit","Pittsburgh Steelers","1","272","October 26","Mon","199810260kan","16","218","4-3","L","72","13","kan","Kansas City Chiefs","3","290","1998_8_kan_pit","","8","1998",,,
"321409",":games","11","138","4-5","L","52","24","nor","New Orleans Saints","1","190","November 8","Sun","199811080min","23","303","8-1","W","162","31","min","Minnesota Vikings","2","465","1998_10_min_nor","","10","1998",,,
"321410",":games","11","180","3-4","L","58","3","tam","Tampa Bay Buccaneers","3","238","October 25","Sun","199810250nor","12","210","4-3","W","56","9","nor","New Orleans Saints","1","266","1998_8_nor_tam","","8","1998",,,
"321411",":games","11","158","5-5","L","48","10","nwe","New England Patriots","","206","November 15","Sun","199811150buf","23","178","6-4","W","213","13","buf","Buffalo Bills","3","391","1998_11_buf_nwe","","11","1998",,,
"321412",":games","9","110","2-8","L","105","3","phi","Philadelphia Eagles","3","215","November 15","Sun","199811150was","16","138","2-8","W","151","28","was","Washington Redskins","1","289","1998_11_was_phi","","11","1998",,,
"321413",":games","15","127","3-6","L","159","6","nyg","New York Giants","1","286","November 8","Sun","199811080dal","16","165","6-3","W","162","16","dal","Dallas Cowboys","","327","1998_10_dal_nyg","","10","1998",,,
"321414",":games","23","311","5-6","L","90","20","nor","New Orleans Saints","4","401","November 22","Sun","199811220sfo","23","289","8-3","W","154","31","sfo","San Francisco 49ers","3","443","1998_12_sfo_nor","","12","1998",,,
"321415",":games","15","192","5-5","L","101","17","sea","Seattle Seahawks","3","293","November 15","Sun","199811150rai","21","249","7-3","W","131","20","rai","Oakland Raiders","3","380","1998_11_rai_sea","","11","1998",,,
"321416",":games","20","212","6-4","L","157","23","nyj","New York Jets","2","369","November 15","Sun","199811150clt","23","267","2-8","W","90","24","clt","Indianapolis Colts","2","357","1998_11_clt_nyj","","11","1998",,,
"321417",":games","17","183","5-6","L","66","22","sea","Seattle Seahawks","2","249","November 22","Sun","199811220dal","29","292","8-3","W","173","30","dal","Dallas Cowboys","1","465","1998_12_dal_sea","","12","1998",,,
"321418",":games","11","70","5-7","L","87","10","nor","New Orleans Saints","4","157","November 29","Sun","199811290mia","24","255","8-4","W","120","30","mia","Miami Dolphins","1","375","1998_13_mia_nor","","13","1998",,,
"321419",":games","18","307","7-3","L","76","19","sfo","San Francisco 49ers","2","383","November 15","Sun","199811150atl","19","184","8-2","W","114","31","atl","Atlanta Falcons","1","298","1998_11_atl_sfo","","11","1998",,,
"321420",":games","21","353","11-1","W","118","46","min","Minnesota Vikings","1","471","November 26","Thu","199811260dal","32","455","8-4","L","58","36","dal","Dallas Cowboys","","513","1998_13_dal_min","","13","1998",,,
"321421",":games","16","97","2-9","L","117","0","phi","Philadelphia Eagles","2","214","November 22","Sun","199811220nyg","15","138","4-7","W","123","20","nyg","New York Giants","1","261","1998_12_nyg_phi","","12","1998",,,
"321422",":games","22","231","7-4","W","130","24","nyj","New York Jets","","361","November 22","Sun","199811220oti","12","129","6-5","L","94","3","oti","Tennessee Oilers","1","223","1998_12_oti_nyj","","12","1998",,,
"321423",":games","16","231","6-4","L","79","14","pit","Pittsburgh Steelers","2","310","November 15","Sun","199811150oti","18","230","6-4","W","108","23","oti","Tennessee Oilers","1","338","1998_11_oti_pit","","11","1998",,,
"321424",":games","15","167","2-10","L","65","16","phi","Philadelphia Eagles","","232","November 29","Sun","199811290gnb","26","321","8-4","W","178","24","gnb","Green Bay Packers","3","499","1998_13_gnb_phi","","13","1998",,,
"321425",":games","13","186","4-6","L","157","24","tam","Tampa Bay Buccaneers","3","343","November 15","Sun","199811150jax","18","230","8-2","W","144","29","jax","Jacksonville Jaguars","","374","1998_11_jax_tam","","11","1998",,,
"321426",":games","18","224","4-8","L","120","7","nyg","New York Giants","2","344","November 30","Mon","199811300sfo","23","229","9-3","W","237","31","sfo","San Francisco 49ers","","466","1998_13_sfo_nyg","","13","1998",,,
"321427",":games","22","238","10-3","W","236","31","sfo","San Francisco 49ers","2","474","December 6","Sun","199812060car","22","226","2-11","L","203","28","car","Carolina Panthers","3","429","1998_14_car_sfo","OT","14","1998",,,
"321428",":games","13","271","6-7","L","106","31","sea","Seattle Seahawks","4","377","December 6","Sun","199812060nyj","31","418","9-4","W","70","32","nyj","New York Jets","3","488","1998_14_nyj_sea","","14","1998",,,
"321429",":games","15","144","5-8","W","200","23","nyg","New York Giants","2","344","December 6","Sun","199812060crd","17","253","6-7","L","75","19","crd","Arizona Cardinals","3","328","1998_14_crd_nyg","","14","1998",,,
"321430",":games","26","332","13-1","W","88","38","min","Minnesota Vikings","1","420","December 13","Sun","199812130rav","16","212","5-9","L","55","28","rav","Baltimore Ravens","6","267","1998_15_rav_min","","15","1998",,,
"321431",":games","19","304","8-5","W","73","23","nwe","New England Patriots","3","377","December 6","Sun","199812060pit","13","195","7-6","L","54","9","pit","Pittsburgh Steelers","3","249","1998_14_pit_nwe","","14","1998",,,
"321432",":games","21","259","11-4","L","151","21","sfo","San Francisco 49ers","3","410","December 20","Sun","199812200nwe","20","200","9-6","W","132","24","nwe","New England Patriots","2","332","1998_16_nwe_sfo","","16","1998",,,
"321433",":games","14","119","8-6","L","200","18","nwe","New England Patriots","2","319","December 13","Sun","199812130ram","18","162","4-10","W","116","32","ram","St. Louis Rams","3","278","1998_15_ram_nwe","","15","1998",,,
"321434",":games","15","231","3-12","L","125","9","phi","Philadelphia Eagles","1","356","December 20","Sun","199812200dal","11","95","9-6","W","153","13","dal","Dallas Cowboys","2","248","1998_16_dal_phi","","16","1998",,,
"321435",":games","22","208","7-5","L","85","16","pit","Pittsburgh Steelers","2","293","November 26","Thu","199811260det","13","213","5-7","W","70","19","det","Detroit Lions","2","283","1998_13_det_pit","OT","13","1998",,,
"321436",":games","22","235","15-1","W","103","26","min","Minnesota Vikings","1","338","December 26","Sat","199812260oti","20","264","8-8","L","90","16","oti","Tennessee Oilers","","354","1998_17_oti_min","","17","1998",,,
"321437",":games","18","238","6-9","L","82","17","nor","New Orleans Saints","1","320","December 20","Sun","199812200crd","28","394","8-7","W","119","19","crd","Arizona Cardinals","3","513","1998_16_crd_nor","","16","1998",,,
"321438",":games","19","217","8-8","L","24","21","sea","Seattle Seahawks","1","241","December 27","Sun","199812270den","31","316","14-2","W","195","28","den","Denver Broncos","1","511","1998_17_den_sea","","17","1998",,,
"321439",":games","13","153","5-7","W","114","31","tam","Tampa Bay Buccaneers","2","267","November 29","Sun","199811290chi","13","155","3-9","L","69","17","chi","Chicago Bears","2","224","1998_13_chi_tam","","13","1998",,,
"321440",":games","22","130","8-8","W","209","20","nyg","New York Giants","","339","December 27","Sun","199812270phi","12","141","3-13","L","123","10","phi","Philadelphia Eagles","1","264","1998_17_phi_nyg","","17","1998",,,
"321441",":games","16","232","10-4","W","82","21","nyj","New York Jets","2","314","December 13","Sun","199812130mia","22","278","9-5","L","79","16","mia","Miami Dolphins","2","357","1998_15_mia_nyj","","15","1998",,,
"321442",":games","14","177","11-4","W","92","17","nyj","New York Jets","","269","December 19","Sat","199812190buf","21","217","9-6","L","149","10","buf","Buffalo Bills","2","366","1998_16_buf_nyj","","16","1998",,,
"321443",":games","15","288","13-5","L","46","18","sfo","San Francisco 49ers","3","334","January 9","Sat","199901090atl","16","153","15-2","W","136","20","atl","Atlanta Falcons","1","289","1998_Division_atl_sfo","","Division","1998",,,
"321444",":games","9","119","9-7","L","130","10","nwe","New England Patriots","1","249","December 27","Sun","199812270nyj","21","190","12-4","W","149","31","nyj","New York Jets","1","339","1998_17_nyj_nwe","","17","1998",,,
"321445",":games","14","171","9-8","L","35","10","nwe","New England Patriots","3","206","January 3","Sun","199901030jax","17","148","12-5","W","160","25","jax","Jacksonville Jaguars","","308","1998_Wild Card_jax_nwe","","Wild Card","1998",,,
"321446",":games","10","78","7-7","L","88","3","pit","Pittsburgh Steelers","5","166","December 13","Sun","199812130tam","14","109","7-7","W","144","16","tam","Tampa Bay Buccaneers","1","253","1998_15_tam_pit","","15","1998",,,
"321447",":games","17","87","7-8","L","150","16","tam","Tampa Bay Buccaneers","3","237","December 19","Sat","199812190was","11","136","6-9","W","90","20","was","Washington Redskins","2","226","1998_16_was_tam","","16","1998",,,
"321448",":games","20","156","7-9","L","205","3","pit","Pittsburgh Steelers","3","361","December 28","Mon","199812280jax","16","168","11-5","W","129","21","jax","Jacksonville Jaguars","","297","1998_17_jax_pit","","17","1998",,,
"321449",":games","18","356","13-5","L","14","10","nyj","New York Jets","6","370","January 17","Sun","199901170den","14","153","16-2","W","178","23","den","Denver Broncos","","331","1998_Conf. Champ._den_nyj","","Conf. Champ.","1998",,,
"321450",":games","22","97","8-8","W","223","35","tam","Tampa Bay Buccaneers","1","320","December 27","Sun","199812270cin","11","159","3-13","L","87","0","cin","Cincinnati Bengals","3","246","1998_17_cin_tam","","17","1998",,,
"321451",":games","21","258","0-1","L","73","24","was","Washington Redskins","3","331","September 6","Sun","199809060nyg","15","153","1-0","W","82","31","nyg","New York Giants","1","235","1998_1_nyg_was","","1","1998",,,
"321452",":games","19","264","1-0","W","89","23","oti","Tennessee Oilers","","353","September 6","Sun","199809060cin","16","192","0-1","L","100","14","cin","Cincinnati Bengals","1","292","1998_1_cin_oti","","1","1998",,,
"321453",":games","27","369","0-3","L","96","14","was","Washington Redskins","3","465","September 20","Sun","199809200sea","16","136","3-0","W","163","24","sea","Seattle Seahawks","","299","1998_3_sea_was","","3","1998",,,
"321454",":games","18","194","1-2","L","112","16","oti","Tennessee Oilers","2","306","September 20","Sun","199809200nwe","13","228","2-1","W","94","27","nwe","New England Patriots","","322","1998_3_nwe_oti","","3","1998",,,
"321455",":games","17","150","0-6","L","128","12","was","Washington Redskins","3","278","October 11","Sun","199810110phi","14","83","1-5","W","115","17","phi","Philadelphia Eagles","1","198","1998_6_phi_was","","6","1998",,,
"321456",":games","9","95","0-7","L","82","7","was","Washington Redskins","1","177","October 18","Sun","199810180min","25","288","6-0","W","147","41","min","Minnesota Vikings","1","435","1998_7_min_was","","7","1998",,,
"321457",":games","16","178","2-3","W","166","12","oti","Tennessee Oilers","1","344","October 11","Sun","199810110rav","13","227","2-3","L","36","8","rav","Baltimore Ravens","1","263","1998_6_rav_oti","","6","1998",,,
"321458",":games","18","167","1-8","L","89","27","was","Washington Redskins","2","256","November 8","Sun","199811080crd","23","164","5-4","W","187","29","crd","Arizona Cardinals","1","351","1998_10_crd_was","","10","1998",,,
"321459",":games","19","152","4-4","W","169","41","oti","Tennessee Oilers","","321","November 1","Sun","199811010pit","26","347","5-3","L","54","31","pit","Pittsburgh Steelers","3","401","1998_9_pit_oti","","9","1998",,,
"321460",":games","20","117","5-4","W","236","31","oti","Tennessee Oilers","1","353","November 8","Sun","199811080tam","19","294","4-5","L","103","22","tam","Tampa Bay Buccaneers","1","397","1998_10_tam_oti","","10","1998",,,
"321461",":games","17","209","3-9","W","94","29","was","Washington Redskins","1","303","November 29","Sun","199811290rai","23","189","7-5","L","187","19","rai","Oakland Raiders","4","376","1998_13_rai_was","","13","1998",,,
"321462",":games","23","179","6-6","L","164","18","oti","Tennessee Oilers","2","343","November 29","Sun","199811290sea","20","296","6-6","W","82","20","sea","Seattle Seahawks","3","378","1998_13_sea_oti","","13","1998",,,
"321463",":games","27","249","5-9","W","160","28","was","Washington Redskins","","409","December 13","Sun","199812130car","16","241","2-12","L","124","25","car","Carolina Panthers","3","365","1998_15_car_was","","15","1998",,,
"321464",":games","20","223","8-6","W","131","16","oti","Tennessee Oilers","2","354","December 13","Sun","199812130jax","15","172","10-4","L","69","13","jax","Jacksonville Jaguars","1","241","1998_15_jax_oti","","15","1998",,,
"321465",":games","22","262","8-7","L","79","22","oti","Tennessee Oilers","1","341","December 20","Sun","199812200gnb","16","245","10-5","W","117","30","gnb","Green Bay Packers","","362","1998_16_gnb_oti","","16","1998",,,
"321466",":games","14","212","6-10","L","80","7","was","Washington Redskins","2","292","December 27","Sun","199812270dal","22","222","10-6","W","156","23","dal","Dallas Cowboys","","378","1998_17_dal_was","","17","1998",,,
